,common_entity,entity1,entity2
SCLI,Torca,-34.7833328247,-72.0508346558
MECT,Catsa,10.5169439316,-85.5655593872
SPVI,Vicco,-10.8478441238,-76.2469558716
FWKI,Lilongwe International,-13.7894001007,33.78099823
LOGI,Trieben,47.4942016602,14.4975004196
SLIY,Intiraymi,-17.8083324432,-67.4433364868
35NK,Tiger Paw Aerodrome,43.3708833333333,-78.4144166666667
EIDW,Dublin,53.4212989807,-6.270070076
VVCA,Chu Lai International,15.4033002853,108.706001282
SPBT,Obenteni,-10.7477779388,-74.2205581665
LFAG,Peronne-Saint-Quentin,49.8684997559,3.0295801163
AK55,Moose Run Airstrip,60.4891666666667,-150.801666666667
YPWR,Woomera Airfield,-31.1441993713,136.8170013428
CYQY,Sydney / J.A. Douglas McCurdy,46.1613998413,-60.0477981567
FDBT,Tambuti,-26.735200882,31.7758998871
K78R,San Augustine County,31.5404305555556,-94.1700666666667
FIMR,Sir Charles Gaetan Duval,-19.7576999664,63.361000061
KCHA,Lovell Field,35.0351944444444,-85.2035555555556
SD46,Jensen,43.8302972222222,-96.8397777777778
SSSC,Santa Cruz do Sul,-29.6840991974,-52.4122009277
SVTM,Tumeremo,7.25,-61.4333343506
KFIG,Clearfield-Lawrence,41.0491336111111,-78.4151579166667
KC20,Andrews University Airpark,41.9510555555556,-86.3680833333333
KGEZ,Shelbyville Municipal,39.5831388888889,-85.8048055555555
FEGG,Gamboula,4.132999897,15.1499996185
CYTQ,Tasiujaq,58.6678009033,-69.9558029175
FANG,Ngala,-24.3878002167,31.325799942
KCKI,Williamsburg Regional,33.7172222222222,-79.8569722222222
DAUB,Biskra,34.7933006287,5.7382302284
EGSL,Andrewsfield,51.8950004578,0.4491670132
BIRS,Reykjanes,65.9141998291,-22.4214000702
SJBS,Fazenda Livramento,-19.268611908,-56.0311126709
1OL2,Steciak Strip,35.4889525,-97.1919747222222
SVCE,Apruna,9.3503055573,-65.2806549072
30SD,Barber Field,45.5048111111111,-98.5955388888889
K6B6,Minute Man Air Field,42.4603854166667,-71.5180118888889
SSFA,Foz do Areia,-25.9815006256,-51.6407012939
KINS,Creech Afb,36.5863437777778,-115.677370555556
KCPM,Compton/Woodley,33.8899166666667,-118.243805555556
9MN5,Janssen,46.7119036111111,-96.3514547222222
VG40,Woody Field,36.8868222222222,-79.863925
LL28,Sd Aero,42.4327777777778,-88.7172222222222
KOXB,Ocean City Municipal,38.3104444444444,-75.1239722222222
K34M,Campbell Municipal,36.4860555555556,-90.0156944444444
KHZL,Hazleton Regional,40.9867725,-75.9947030555556
ND10,Kadrmas,46.9913083333333,-102.795222222222
09ID,Taylor Ranch Landing Area,45.1038888888889,-114.855277777778
HTLL,Liuli,-11.116399765,34.6521987915
PAEG,Eagle,64.7780833333333,-141.149611111111
SLSP,Sipuati,-21.0734996796,-63.109500885
IA84,Lawton,42.4833258333333,-96.2003013888889
VCBI,Bandaranaike International Apt Colombo,7.1807599068,79.8841018677
EDNA,Ampfing-Waldkraiburg,48.2636108398,12.4116668701
2CO1,Cherokee Trail Ranch,39.1105466666667,-104.583859722222
LLYT,Yotvata Airfield,29.9062004089,35.0666999817
HTBS,Mbesa,-11.331675,37.067816
FCOT,Betou,3.0499999523,18.5
WIMT,Tebing Tinggi,3.3666670322,99.1166687012
MM82,Laguna Del Rey,27.0237998962,-103.375
LTFA,Kaklic,38.5176010132,26.977399826
KT15,Marlin,31.3406666666667,-96.8520277777778
3WI4,Flying 'O',44.9235805555556,-89.4023394444445
KY98,Grand Marais,46.6203647222222,-85.9200836388889
SJII,Fazenda Sao Marcos,-22.296667099,-54.9413871765
SDCW,Fazenda Paloma,-20.3261108398,-48.8283348083
75AR,The Bluffs,36.2961780555556,-92.2159886111111
KGSB,Seymour Johnson Afb,35.3393852777778,-77.9605944444445
ETAD,Spangdahlem Air Base,49.9726982117,6.6925001144
KSZP,Santa Paula,34.3470176111111,-119.061616611111
YSWA,Swansea,-42.1016998291,148.0679931641
HAGN,Gonder,12.519900322,37.4339981079
6MN8,Underland Airstrip,44.1527408333333,-93.2724355555556
NY07,Hurlbut Field,44.5458333333333,-75.1611111111111
LIPQ,Trieste / Ronchi Dei Legionari,45.8274993896,13.4722003937
VEAT,Agartala,23.8869991302,91.2404022217
EDRV,Wershofen/Eifel,50.4513893127,6.7833328247
CKD5,Kipling,50.0992012024,-102.6070022583
8OK4,Black I Ranch,36.4422222222222,-98.1038888888889
CYZS,Coral Harbour,64.1932983398,-83.3593978882
9MI5,Grass Roots,43.2378025,-83.5243986111111
ZUGU,Guangyuan,32.3911018372,105.702003479
FZOH,Moga,-2.4670000076,26.7999992371
SLCD,Canada,-20.0254001617,-63.089099884
TE27,Harrison Piloncillo Ranch,28.2544402777778,-99.5992108333333
VOJV,Vijayanagar Aerodrome (JSW),15.1749666667,76.6349472222
SWST,Santa Terezinha,-10.4647216797,-50.518611908
ND52,True North Airpark,46.8027777777778,-97.0122222222222
KT03,Tuba City,36.0926388888889,-111.383083333333
KRCP,Rooks County Regional,39.3465833333333,-99.3046388888889
30NY,Coye Field,42.7500644444444,-77.5580491666667
KAZE,Hazlehurst,31.8851901944444,-82.647891
SWGE,Fazenda Pirigara,-17.0072212219,-56.4780578613
HSBR,Bor,6.1999998093,31.5669994354
VI65,Kargil,34.5242996216,76.1558990479
SSZT,Fazenda Sao Joao,-22.7941665649,-49.3411102295
VA51,Banswara,23.5897006989,74.3126983643
EDQH,Herzogenaurach,49.5825004578,10.8780555725
CA03,Flying M,37.3499402777778,-120.2940725
2NM9,High Desert Ranch,34.1991666666667,-105.164166666667
LECA,La Nava - Corral De Ayllon,41.4108009338,-3.4483299255
KLOU,Bowman Field,38.2279840277778,-85.6637490555556
WY66,Chamberlain Brothers Ranch,42.7521777777778,-105.619611111111
SCCU,Lolco,-38.1580543518,-71.4238891602
AR43,Brickey,35.1000852777778,-92.7834994444444
VNRT,Rumjatar,27.3034992218,86.5503997803
SDXJ,Costa Rica,-18.48667,-53.15333
RPUD,Daet,14.1291999817,122.9800033569
LTBO,Usak,38.6814994812,29.4717006683
DIGN,Nero-Mer,4.6434130669,-6.9239616394
WY11,A Bar A Ranch,41.1583019444444,-106.557530833333
LFHQ,Saint-Flour-Coltines,45.0764007568,2.9936099052
SJGU,Araguatins,-5.684440136,-48.1156005859
3IN0,Flying M,41.55875,-87.1261111111111
YCBR,Collarenebri,-29.5216999054,148.5820007324
YBHB,Bathurst Harbour,-43.4207000732,146.1560058594
YAUR,Aurukun,-13.3538999557,141.720993042
XS68,Sky Lane Ranch,30.2568788888889,-96.3285747222222
WAMB,Kotamubagu,0.7288889885,124.3088912964
KU10,Preston,42.1069361111111,-111.912569722222
KCCB,Cable,34.1116111111111,-117.687388888889
48VA,Al's Field,39.2906569444444,-78.3508388888889
FAAD,Adelaide,-32.6831016541,26.2942008972
CYDF,Deer Lake,49.2108001709,-57.3913993835
HKLK,Lokichoggio,4.2041201591,34.3482017517
EDDS,Stuttgart,48.6898994446,9.2219600677
KFRI,Marshall Army Air Field,39.0526411111111,-96.7644875
WN76,Bergseth Field,47.2435738888889,-121.924553888889
SAVQ,Maquinchao,-41.2430992126,-68.7078018188
CYLK,Lutselk'e,62.4183006287,-110.6819992065
72XA,Stiffs Airpark,29.4866319444444,-96.0412861111111
NZGA,Galatea Airfield,-38.4039001465,176.7440032959
1SC3,Stol-It Farm,34.5528583333333,-83.0415111111111
ZSRG,Rugao Air Base,32.2578849792,120.5016555786
EGSS,London Stansted,51.8849983215,0.2349999994
KD82,Ovid,42.6547927777778,-76.7963427777778
SBPN,Porto Nacional,-10.7194004059,-48.3997001648
SURV,Presidente General Don Oscar D. Gestido International,-30.9745998383,-55.4762001038
KBMQ,Burnet Municipal/Kate Craddock Field,30.7389272222222,-98.2386102777778
3KS7,Berwick,37.8289138888889,-97.3493472222222
SAVP,Paso De Los Indios,-43.8666992188,-69.0500030518
LFGE,Avallon,47.5031013489,3.8994400501
4VG2,Cool Water,37.8580555555556,-77.5472222222222
XWSG,Engels Airbase,51.466667,46.2
6LA1,Cottonwood,32.9840133333333,-91.2059433333333
EIBA,Ballyboughal Aerodrome,53.5336990356,-6.2460699081
K2P7,Alderman,40.0568630833333,-80.9631879444444
SJHM,Fazenda Globo,-12.9536113739,-58.5902786255
FAQT,Queenstown,-31.9202003479,26.8822002411
K5Z5,Kantishna,63.5409861111111,-150.995077777778
ESGV,Varberg Getteron airfield,57.1245994568,12.2283000946
RKSG,A 511,36.9622001648,127.03099823
FL34,Eglin Test Site B6,30.6318583333333,-86.7471777777778
K2J8,Pierson Municipal,29.2500277777778,-81.4593333333333
SNQX,Quixada,-4.9790701866,-38.9875984192
YCGI,Carnegie Station,-25.7999992371,122.9670028687
KCXE,Chase City Municipal,36.7883355555556,-78.5015536111111
2WI1,Uff-Da,42.9436116666667,-89.2866452777778
CA05,Machado Dusters,36.1602288888889,-119.813464722222
NZNS,Nelson,-41.2983016968,173.220993042
NA22,Vernon Miller Pvt,46.0125022222222,-103.796313611111
DGSN,Sunyani,7.3618302345,-2.3287599087
1XS1,Dunham Field,29.9382791666667,-95.0464833333333
12OH,Mcgregor Airfield,39.8347775,-84.3346677777778
SJIQ,Usina Coruripe - Filial Limeira do Oeste,-19.5233325958,-50.6555557251
OPDG,Dera Ghazi Khan,29.9610004425,70.4859008789
CJT2,Matheson Island,51.7322006226,-96.9344024658
MRQP,Quepos Managua,9.4431600571,-84.1297988892
EDLE,Essen Mulheim,51.4023017883,6.9373297691
CEH6,Provost,52.3381004333,-110.2789993286
CLA2,L'Assomption,45.8231010437,-73.4606018066
51FL,Chiefland Sky Ranch,29.3949444444444,-82.8697777777778
IA27,Antique Airfield,40.9777905555556,-92.5876894444444
FSMA,Marie-Louise,-6.17416,53.144402
SWAK,Assuncao do Icana,1.0663889647,-67.6005554199
YHMB,Hermannsburg,-23.9300003052,132.8049926758
NTGY,Tureia,-20.7896995544,-138.5700073242
MRSH,Shiroles,9.5807695389,-82.9598999023
KDEC,Decatur,39.8345625,-88.8656891666667
74NY,New Salem Aerodrome,43.0056166666667,-77.2913777777778
SWFR,Formosa,-15.555100441,-47.3456993103
SMCI,Coeroeni,3.367000103,-57.3330001831
KSME,Lake Cumberland Regional,37.0535833333333,-84.6156388888889
YEUO,Eulo,-28.1667003632,145.0420074463
PA84,Level Acres Farm,39.9538194444444,-76.9092611111111
SKCB,Carmen De Bolivar,9.68417,-75.1261
CCG4,Moncton / McEwen,46.1539001465,-64.7686004639
CYBG,CFB Bagotville,48.3306007385,-70.9963989258
2GE7,Petty Farms,34.9580555555556,-84.7791666666667
SLMB,Mangabalito,-13.7878332138,-68.3546676636
SNYU,Iturama,-19.7179898013,-50.2201795578
SCSP,El Sobrante,-32.223611,-70.8
CKF2,Radville,49.4606018066,-104.2720031738
DATG,In Guezzam,19.5669994354,5.75
1OH2,Dougherty,41.244,-82.8662777777778
K6R1,Welsh,30.2418545555556,-92.8307383333333
SVRL,San Pancracio,8.516667366,-69.6416702271
K2R1,Le Maire Memorial,29.8990694444444,-91.666
FWKK,Nkhota Kota,-12.9169998169,34.266998291
MUSG,Sagua La Grande,22.8015995026,-80.0548019409
3NC5,Flying Bj,35.8133694444444,-81.0692416666667
YLMU,Mungo Lodge,-33.7458244463,143.001308441
16MI,Barnstormers 5,42.8891666666667,-83.8666241666667
YCLY,Coleambally,-34.7999992371,145.8500061035
K28U,Owyhee Reservoir State,43.4248333333333,-117.345666666667
LKNY,Nymburk Ul Ploch,50.168598175,15.0524997711
K2I3,Rough River State Park,37.6098055555556,-86.5071666666667
66WI,J-3 Cub Field,43.0775038888889,-88.6628797222222
K60M,Spencer,42.2905,-71.9646944444444
KAWG,Washington Municipal,41.2756944444444,-91.6760833333333
YCLQ,Cape Leveque,-16.3983001709,122.9319992065
SEIS,Isabel Maria,-1.8666700125,-79.7332992554
KMCI,Kansas City International,39.2976111111111,-94.7138888888889
SCME,Los Cuatro Diablos,-33.676109314,-71.1433334351
WPFL,Abisu Airfield,-8.4436101913,126.9889984131
WAWB,Betoambari,-5.4868798256,122.5690002441
USCC,Chelyabinsk Balandino,55.3058013916,61.5032997131
0NY8,Wenskoski Field,42.9972961111111,-74.24541
CRL7,Reindeer Lake / Lindbergh Lodge Airstrip,57.28805555,-102.525
MHIC,Islas Del Cisne,17.4073009491,-83.9327011108
YMRW,Morawa,-29.2017002106,116.0220031738
TN11,Mountain Outlaw,36.5014766666667,-83.2554538888889
YBDP,Bridport,-41.0167007446,147.4170074463
VTSF,Nakhon Si Thammarat,8.5396203995,99.9447021484
SEPV,Reales Tamarindos,-1.0416500568,-80.4721984863
KABR,Aberdeen Regional,45.4467980555556,-98.4224408333333
2MD3,Fly Away Farm,39.229,-77.3453333333333
K53T,Cannon Field,29.2160733333333,-98.5494619444444
SKUL,Farfan,4.08836,-76.2351
OIBQ,Khark Island,29.2602996826,50.3238983154
WN11,Red Roof,45.5857958333333,-88.0037288888889
KMBL,Manistee County/Blacker,44.272465,-86.2469008333333
SSDO,Dourados,-22.2019004822,-54.9266014099
K1H1,Airlane Enterprises,43.2058888888889,-76.1793055555556
SWWG,Fazenda Canamari,-18.54806,-50.38111
K3J6,Davis Field,30.7963611111111,-82.0281666666667
K45S,Silver Lake F S Strip,43.1109725,-121.094166666667
WASE,Kebar,-0.6371009946,133.1280059814
YWDJ,Windjana Grove,-17.421387587,124.925107956
LZTR,Letisko,48.4557991028,17.5263996124
WT37,Lockwood Dry Coulee,48.36875,-119.616569444444
SKAM,Amalfi,6.91667,-75.0667
61ND,Bakke,47.9474908333333,-97.6620319444445
YMAK,Mabel Creek Station,-28.9416999817,134.3329925537
NVSU,Ulei,-16.3297,168.3011
MDMC,Monte Cristi,19.8652992249,-71.6453018188
K6U7,Hysham,46.2934722222222,-107.193305555556
74XA,Gun Barrel City Airpark,32.3547222222222,-96.1455555555556
SSXO,Pousada das Aguias,-23.2888889313,-52.1291656494
MMGT,Guanajuato,20.9172000885,-101.3339996338
1AL2,Tri-L Acres Airpark,33.2471527777778,-86.5979166666667
SPSS,Masisea,-8.6052780151,-74.304725647
WS69,Log Cabin,44.5749638888889,-91.5471
CO00,Flagler Aerial Spraying Inc,39.2799908333333,-103.066602222222
ETSN,Neuburg,48.7109985352,11.2115001678
CT43,Spruce,41.5937094444444,-71.9311844444445
VG09,Starbase,37.2277777777778,-75.9833333333333
K7K5,Kenmare Municipal,48.6676125,-102.048002777778
YSHN,Shannon River,-34.75,116.483001709
LFRP,Ploermel Loyat,48.0027999878,-2.3772199154
KTRM,Jacqueline Cochran Regional,33.6266705555556,-116.159654444444
K09T,Lazy G Bar Ranch,33.2813206944444,-97.4966933333333
OP31,Kashmor,28.4706001282,69.5990982056
97FL,Love Field,28.9619286111111,-81.8914708333333
KACP,Allen Parish,30.7505086111111,-92.6884908333333
FA50,Wings-N-Wheels,29.3613616666667,-82.1498163888889
WA63,Pleasant Farm,45.5623416666667,-122.256088888889
KY23,Chetek Municipal/Southworth,45.3064875555556,-91.6368230277778
FD71,O'Brien Airpark East/West,30.0483333333333,-82.9838888888889
EGST,Elmsett,52.0772018433,0.9775000215
YYOO,Yalymboo,-31.8033008575,136.8600006104
KH75,Hernando Village Airpark,34.7981544444444,-90.0370358333333
5CO6,La Garita Creek Ranch,37.8115527777778,-106.315272222222
SSBT,Fazenda Santa Ilidia,-22.324300766,-53.0950012207
KBRD,Brainerd Lakes Regional,46.4042222222222,-94.1338055555556
LIMR,Novi Ligure Glider,44.7799987793,8.7863903046
OP16,Khorewah,24.7872009277,68.5571975708
06IL,Humm,41.5995277777778,-88.8699444444444
4NA1,Ring Rock Ranch,48.2427777777778,-103.686388888889
MYAP,Spring Point,22.4417991638,-73.9709014893
NV50,Goldfield,37.7220586111111,-117.236365833333
1KS1,Cochran,38.4589666666667,-95.2264583333333
K84Y,Bloomfield Municipal,42.5797244444444,-97.6736752777778
VYML,Meiktila Air Base,20.8864002228,95.892791748
KDUH,Toledo Suburban,41.735875,-83.6557638888889
SBOI,Oiapoque,3.8554899693,-51.7969017029
SCTH,Tres Chorrillos,-52.525278,-70.723889
SBLS,Lagoa Santa,-19.6616001129,-43.8964004517
PANT,Annette Island,55.0422935833333,-131.570899361111
SKPZ,Paz De Ariporo,5.87615,-71.8866
4TA2,V-Bar,31.74225,-97.3198611111111
OENN,Neom Bay,27.923833,35.293833
ME14,Bald Mountain,44.2306336111111,-69.1230944444444
DTTA,Tunis Carthage International,36.8510017395,10.2271995544
SIJJ,Fazenda Salamanca,-22.8086109161,-55.5333328247
PAPK,Napaskiak,60.7029125,-161.7783075
54FD,Lm-Ets,28.3675,-81.0761111111111
YNAU,Nannup,-34.0332984924,115.733001709
SIXX,Usinas Braco Norte,-9.6583328247,-54.9544448853
SVEK,El Capitan,10.1135997772,-72.5765991211
IL24,Bills Last Resort Rla,39.7075,-89.8830555555555
KRWN,Arens Field,41.0922630555556,-86.6128711111111
KDYR,Dyersburg Regional,35.9979722222222,-89.4065833333333
AYAO,Aiome,-5.145699978,144.7307003
SSWV,Fazenda Barra Grande,-23.590555191,-50.0411109924
LOAT,Trausdorf,47.7999992371,16.5669994354
CJR4,Eston,51.1441993713,-108.7630004883
MMCB,General Mariano Matamoros,18.8348007202,-99.2612991333
CKX5,Dinsmore,51.3306007385,-107.43800354
03ME,Maple Ridge,44.0842372222222,-70.6272827777778
95TA,Thunder Creek,29.6349488888889,-99.4822688888889
KN03,Cortland County/Chase Field,42.5926416666667,-76.2148827777778
91WI,Gottschalk Field,44.2938519444444,-90.0320744444444
WMKK,Kuala Lumpur International,2.745579958,101.7099990845
DIDB,Dabou,5.3513851166,-4.4034576416
SIFU,Fazenda Ribeirao,-22.415555954,-43.7752761841
KT87,Flying C,33.3422222222222,-97.27
30KS,Flugplatz,38.0248375,-97.7339222222222
12CN,Richter Aviation,39.2684055555556,-122.116781944444
SWNW,Fazenda Tuiuiu,-13.7994441986,-55.4550018311
CYAV,Winnipeg / St. Andrews,50.0564002991,-97.0325012207
OINB,Babolsar,36.7200012207,52.6500015259
NE25,Orr Field,41.1815333333333,-100.859998611111
GQNI,Nema,16.6219997406,-7.3165998459
EICS,Castleforbes,53.778301239,-7.8352799416
5OR9,Lone Oaks Ranch,44.7767886111111,-122.760087777778
CAG2,Regina / Aerogate,50.5977310536,-104.601312876
38CN,Sanborn,39.1093372222222,-121.883859166667
80SD,Comstock Field,45.772675,-98.3528944444444
SCUZ,Aerosanta Cruz,-34.6491661072,-71.3861083984
UNNE,Yeltsovka,55.0923995972,83.0045013428
K4F9,La Moure Rott Municipal,46.3472805555556,-98.2814861111111
SJEK,Satelite Aviacao Agricola,-13.5455560684,-52.2638893127
SAVA,Piedra Del Aguila,-40.192199707,-70.0100021362
FMSM,Mananjary,-21.2017993927,48.3582992554
CT15,Wysocki Field,41.9453747222222,-72.477585
KLTY,Liberty County,48.5107222222222,-110.990863888889
KCQF,H L Sonny Callahan,30.4605,-87.8770277777778
85NY,High Acres,42.578395,-78.5200213888889
13NR,Dusenbury Field,36.2975,-80.1616666666667
WAPA,Amahai,-3.3480000496,128.925994873
MHLP,Mapulaca,14.0341672897,-88.6283340454
SWBI,Barreirinha,-2.7924199104,-57.0578994751
SIOU,Fazenda Santa Helena,-18.2980556488,-57.0147209167
GA49,Hamilton Strip,31.2127361111111,-83.6360555555556
XA32,Wolfe Field,30.9114722222222,-97.1712777777778
FVTS,Tsholothso,-19.7670001984,27.7670001984
SVLZ,Las Cruces,8.3288803101,-68.7519989014
OK10,Canadian River Corrientes,35.5393777777778,-98.4301888888889
47NY,Elk Creek,42.045,-77.35
RKRG,G 301,37.5003013611,127.6190032959
WIPK,Pangkal Pinang (Depati Amir),-2.1621999741,106.138999939
MT72,Hedditch,46.3460330555556,-114.176209444444
UKON,Mykolaiv International,47.0578994751,31.9197998047
CYCC,Cornwall Regional,45.0928001404,-74.5633010864
BGGH,Godthaab / Nuuk,64.19090271,-51.6781005859
YBAL,Balladonia,-32.3499984741,123.6179962158
CSS3,Montreal / Les Cedres,45.3474998474,-74.0766983032
FSSB,Bird Island,-3.72472,55.205299
SSRH,Fazenda Retiro do Marimbondo,-20.778055191,-55.9827766418
KAUS,Austin-Bergstrom International,30.1945272222222,-97.6698761111111
YCWR,Cowra,-33.8446998596,148.6490020752
OK48,Rollers,36.1553638888889,-97.8483444444444
SJNV,Fazenda Sao Francisco,-18.431388855,-50.256111145
FCBM,Mouyondzi,-4.0148739815,13.9661121368
23MU,Sean D Sheldon Memorial Airfield,38.0185833333333,-93.6932222222222
EYUT,Utena,55.4900016785,25.7168998718
KPDX,Portland International,45.5887088611111,-122.596869416667
UNIB,Baykit,61.676700592,96.3550033569
KCMY,Sparta/Fort Mc Coy,43.9587161111111,-90.7378413888889
KK11,Sam Riggs Airpark,36.2181666666667,-95.6518888888889
SAVM,Lago Musters,-45.5777777778,-69.0727777778
CEE4,Hinton / Entrance,53.381401062,-117.700996399
EGYP,Mount Pleasant,-51.8227996826,-58.4472007751
XA08,Los Cuernos Ranch,28.1576111111111,-99.0955277777778
ETSF,Furstenfeldbruck,48.2055549622,11.2669439316
GLRB,Roberts International,6.2337899208,-10.3622999191
EPPB,Bednary Airfield,52.5344009399,17.2187995911
12ME,Ridgeview,44.3223277777778,-69.20725
NV27,Circle L Ranch,37.7165966666667,-118.084271944444
K2N2,Newfound Valley,43.5920180555556,-71.7514680555555
YMUI,Murray Island,-9.9166698456,144.0549926758
LEIG,Igualada/Odena,41.5856018066,1.6530599594
SVJH,Juancho,8.1797199249,-63.5960006714
KLSK,Lusk Municipal,42.7538055555556,-104.404555555556
KDKR,Houston County,31.3069722222222,-95.4038333333333
FD72,Kings Port,27.1828266666667,-81.3906288888889
6NJ9,Bridgeport-Cahill Field,39.7917797222222,-75.3746352777778
K72S,Rosalia Municipal,47.2365678333333,-117.421378555556
KSMD,Smith Field,41.1433611111111,-85.1527777777778
KS79,Green Sea,34.1855555555556,-79.0205875
SVMS,Guasimal,7.7166671753,-67.9833297729
WIMM,Polonia International,3.5580599308,98.6716995239
SDCO,Sorocaba,-23.4780006409,-47.4900016785
SNCQ,Cocorobo,-10.5272216797,-39.0330543518
SLCS,Cerdas,-20.8083333333,-66.4011111111
EGDC,Royal Marines Base Chivenor,51.0872001648,-4.1503400803
KS70,Othello Municipal,46.7942222222222,-119.080111111111
34MS,Colle Field,30.4738333333333,-88.6961944444444
90WA,Waldron Airstrip,48.71177,-123.018241944444
SNUL,Fazenda Aurora III,-21.4524993896,-53.3533325195
KXSA,Tappahannock/Essex County,37.8596091666667,-76.8941194444445
RJSF,Fukushima,37.2274017334,140.4309997559
80CA,Bacchi Valley Industries,38.8174008333333,-120.922439444444
PHNL,Daniel K Inouye International,21.3178172222222,-157.9202275
SCLS,Esperanza,-38.5488891602,-72.1458358765
FZGT,Boteka,-0.3170000017,19.0669994354
7TE1,Double D Farms,29.9989722222222,-96.7611388888889
UA34,Chardara,41.2765007019,67.9710006714
EDSK,Kehl-Sundheim,48.5611114502,7.8433327675
85XA,Windmillcreek,33.30955,-97.3111611111111
FALE,King Shaka International,-29.6144444444,31.1197222222
33WA,Franz Ranch,47.0498655555556,-118.851111111111
HLLM,Mitiga,32.8941001892,13.2760000229
SPHO,Coronel FAP Alfredo Mendivil Duarte,-13.154800415,-74.2043991089
EFPH,Pyhoselka,62.4646987915,30.0352993011
KFEP,Albertus,42.2461147222222,-89.5819766666667
RPUK,Calapan,13.4169998169,121.1999969482
28TX,Lehman,34.0859188888889,-99.4550858333333
KICR,Winner Regional,43.3894846666667,-99.8412144166667
OEKM,King Khaled Air Base,18.2973003387,42.8035011292
KRTN,Raton Municipal/Crews Field,36.7424391666667,-104.501726388889
SAVB,El Bolson,-41.9431991577,-71.5323028564
SNTL,Tamboril,-4.8578300476,-40.3745994568
RJSH,Hachinohe,40.5564002991,141.466003418
KEBG,South Texas International At Edinburg,26.4416666666667,-98.1222222222222
9KS4,Rose Port Inc,39.6362611111111,-98.3603277777778
YLMB,Lambrook,-31.1000003815,149.9329986572
CYMO,Moosonee,51.2910995483,-80.6078033447
K4AK,Livengood Camp,65.4672694444444,-148.653747222222
66IN,Oakes Field,39.7875,-85.6369444444445
SNFH,Fazenda Dom Felipe,-22.55917,-55.37583
VEPG,Pasighat,28.0660991669,95.3356018066
UTKN,Namangan,40.9846000671,71.5567016602
OR30,D M Stevenson Ranch,44.0031727777778,-121.271973333333
UHBE,Zeya,53.6904983521,127.0907974243
AK02,Bear Creek 1,65.5398866666667,-161.062377777778
CES2,St-Esprit,45.914399704,-73.6723959446
MHUY,Cucuyagua,14.6269435883,-88.8763885498
UAFE,Kerben,41.484500885,71.7337036133
SBPJ,Brigadeiro Lysias Rodrigues,-10.2915000916,-48.3569984436
LGIO,Ioannina,39.6963996887,20.8225002289
85KS,Sanders,39.3007444444444,-95.2151152777778
K52I,Gross,43.8468388888889,-84.0127944444444
YGDR,The Garden,-23.286699295,134.4400024414
EDMH,Gunzenhausen-Reutberg,49.1119422913,10.7808332443
K79D,Philippi/Barbour County Regional,39.1661902777778,-80.0623486111111
58IA,Diewold,40.8739833333333,-91.1633
K95E,Stallion Army Air Field,33.8189563888889,-106.645014166667
0MT9,Lone Hawk,48.4833333333333,-114.4925
ME69,Cliffords,44.0689641666667,-70.0644969444444
CZGI,Gods River,54.8396987915,-94.0785980225
CL56,Ranchaero,39.71952125,-121.870495416667
YCDE,Cobden,-38.326666,143.056666
39OK,Paradise Air Haven,35.1114833333333,-97.4792527777778
MNBR,Los Brasiles,12.1899995804,-86.3538970947
9TE7,Flying G H Ranch,30.2452777777778,-97.0827777777778
LILR,Cremona / Migliaro,45.1674003601,10.0018997192
K9I0,Havana Regional,40.2226930555556,-90.0227819444444
K3X5,North Bass Island,41.718,-82.8211111111111
SNRV,Fazenda Rio Vermelho,-6.8827781677,-49.4638900757
LLET,Eilat,29.5613002777,34.9600982666
67OK,Flying J Ranch,36.0331494444444,-95.0780141666667
UAFG,Cholpon-Ata,42.6537017822,77.0567016602
CAV6,Beausejour/Av-Ranch Airpark,50.041111,-96.585833
OP37,Pano Aqil Southeast,27.8131008148,69.167098999
TE88,Bb Airpark,29.3569416666667,-95.4594027777778
WBGT,Tanjung Manis,2.1778399944,111.202003479
SJVM,Estancia California,-9.8919439316,-56.1294441223
FL00,Griffins Peace River Ranch,27.41893,-81.8325825
SWCH,Fazenda Charqueada Norte,-10.0002784729,-57.0672225952
52TS,Fall Creek Air Ranch,30.41853,-98.1627947222222
SNWN,Fazenda Alianca,-16.668056488,-54.3858337402
NTKF,Faaite,-16.6867008209,-145.328994751
CSF3,Poste Montagnais (Mile 134),51.8885993958,-65.7149963379
88ND,Goodman Strip,48.7088825,-97.9939897222222
RJFG,New Tanegashima,30.6051006317,130.9909973145
PHMU,Waimea-Kohala,20.0013269444444,-155.668107222222
CEG2,Acme,51.456401825,-113.5149993896
YAMT,Amata,-26.1082992554,131.2070007324
XA89,Faith Ranch,28.2085555555556,-100.018805555556
KBFD,Bradford Regional,41.8029543333333,-78.6399659722222
OPPN,Pishin,30.5562000275,66.985496521
LFDK,Soulac Sur Mer,45.4949989319,-1.0822199583
WI47,Timberline,44.4333111111111,-89.1501122222222
FVRE,Renroc,-16.966999054,29.5669994354
KOWA,Owatonna Degner Regional,44.1229518055556,-93.2588264166667
EDEG,Gotha-Ost,50.9700012207,10.7277784348
ETME,Eggebeck Air Base,54.6248016357,9.3459997177
VYPT,Putao,27.3299007416,97.4263000488
SWOM,Fazenda Salto Bello II,-14.9611110687,-53.4880561829
KLCK,Rickenbacker International,39.8137777777778,-82.9278055555556
SPLC,Mariano Melgar,-16.7915000916,-71.8865966797
NZRI,Rangitata Island,-44.0849990845,171.4160003662
K9R5,Hunt,27.8866671388889,-97.3496360555555
EFHK,Helsinki Vantaa,60.317199707,24.963300705
MDSA,San Juan De La Maguana,18.8255004883,-71.2313995361
SBVT,Eurico de Aguiar Salles,-20.2580566406,-40.2863883972
PPCT,Takotna,62.9929444444444,-156.029722222222
K8A1,Guntersville Municipal/Joe Starnes Field,34.4061891944444,-86.2608702777778
MHEN,Aserradero El Encino,14.6619443893,-86.9150009155
SWAR,Fazenda Aruana,-13.082777977,-51.5863876343
SVFS,Fagotrans,9.4016399384,-66.6430969238
SWVC,Vila Rica,-9.9794435501,-51.1422233582
MHPR,Comayagua-Palmerola International,14.382333,-87.621167
OIKK,Kerman,30.2744007111,56.9510993958
WITT,Sultan Iskandarmuda,5.5235199928,95.4204025269
CYVO,Val-d'Or,48.0532989502,-77.7827987671
ETIK,Illesheim Air Base,49.4738998413,10.3880996704
25AZ,Mystery Well Ranch,31.8159472222222,-109.057280555556
YNTN,Normanton,-17.683599472,141.0700073242
46XS,Canadian River Ranch,35.402675,-102.807605555556
YMDY,Mount Bundey,-12.8900003433,131.9080047607
SJRH,Fazenda Galheiro,-15.3080558777,-54.5997238159
SAET,Trenque Lauquen,-36.0158,-62.6939
LBPR,Primorsko,42.2633323669,27.7016677856
RKJJ,Gwangju,35.1263999939,126.808998108
SA24,Calilegua,-23.7819004059,-64.74949646
RPLY,Alabat Island,14.232000351,121.9290008545
WI28,Walter's Agri-Center,44.5861088888889,-87.5575897222222
KRKS,Southwest Wyoming Regional,41.5942222222222,-109.065194444444
K2C5,Almena,42.2529847222222,-85.8516541666667
SWJN,Juina,-11.4194440842,-58.7016677856
VA1L,Amla,21.926399231,78.1136016846
K66V,Bluff,37.255,-109.633027777778
LQBK,Banja Luka International,44.9413986206,17.2975006104
YSLV,Sylvania Homestead,-23.5583000183,120.0469970703
YERA,Errabiddy Homestead,-25.5,117.1669998169
UIII,Irkutsk,52.2680015564,104.388999939
5OI5,Hamrick,40.6933802777778,-84.7805180555556
KMQS,Chester County G O Carlson,39.9789722222222,-75.8654722222222
DE17,Sugar Hill,38.7778911111111,-75.5832594444444
UKFY,Dzhankoy,45.7009010315,34.4188995361
0LS7,Morgan Field,30.6127666666667,-91.4841722222222
LJBL,Lesce Bled Glider,46.3572006226,14.1738996506
EDVF,Blomberg-Borkhausen,51.9172210693,9.1116666794
CPL5,Thessalon Municipal,46.3166999817,-83.5333023071
K98M,Greaton Airfield,43.5757166666667,-70.5188583333333
36WA,Bob's Field,45.9563888888889,-121.497777777778
KM10,Mountainair Municipal,34.5333333333333,-106.223888888889
03UT,A Z Minerals Corporation,37.1208344444444,-109.985957222222
CEG8,North Seal River,58.9693984985,-99.9749984741
PADU,Unalaska,53.8989444444444,-166.545027777778
1NK6,Catalano Airfield,44.4236577777778,-73.749585
40KS,Chanay,38.5400125,-95.4508125
38II,Hampton Field,39.7286111111111,-86.8230555555556
0CN1,Fiorini Ranch,37.4521777777778,-120.764758333333
CFU3,Chipman,53.7167015076,-112.6330032349
4AZ6,Parsons Field,34.9980638888889,-113.461597222222
CJP7,Bird River (Lac Du Bonnet),50.3967018127,-95.7350006104
FWSU,Nchalo Sucoma,-16.2667007446,34.9166984558
K3W2,Put In Bay,41.6366666666667,-82.8283333333333
MS64,Vaiden Landing,34.8483416666667,-89.8779916666667
01NK,Granville,43.4229444444444,-73.268025
SA34,Trelew Aeroclub,-43.2356,-65.3241
YDWF,Delamere Range Facility,-15.7467002869,131.9199981689
XA05,Fairview Field,34.10105,-102.624233333333
KBPI,Miley Memorial Field,42.5822222222222,-110.108861111111
EG02,Audley End Airfield,52.0091365357,0.224275589
KU82,Council Municipal,44.7503333333333,-116.445055555556
EFPI,Piikajarvi,61.2456016541,22.1933994293
KAQR,Atoka Municipal,34.3983388888889,-96.1480597222222
49KS,N & N,39.2140904722222,-96.6723047777778
EPJG,Jelenia Góra Glider,50.8988990784,15.7855997086
5MA3,Pasport,42.1875930555556,-72.1431330555556
LFPN,Toussus-le-Noble,48.7518997192,2.1061899662
IN53,Miller,39.2917111111111,-86.8236180555556
IN25,Hood Field,39.9980555555556,-86.5772222222222
HTNJ,Njombe,-9.3500003815,34.7999992371
YTNG,Thangool,-24.4939002991,150.5760040283
NM41,Happy Mountain,34.0611672222222,-108.096446111111
4AK9,Tibbetts,58.7342697222222,-157.007141944444
YCOI,Collie,-33.3666992188,116.2170028687
KPAO,Palo Alto,37.4611111111111,-122.115055555556
1TA2,Vigo Park,34.6500591666667,-101.50045
SSGH,Fazenda Capao Verde,-20.0736103058,-56.0683326721
YCJU,Conjuboy,-18.6833000183,144.75
KWYS,Yellowstone,44.6883888888889,-111.117638888889
K9KS,Greensburg Municipal,37.6227,-99.2283777777778
FCPO,Pemo,-2.867000103,12.5329999924
FAGY,Greytown,-29.1219997406,30.5867004395
SCCS,Santa Rita,-33.2775001526,-71.4563903809
KMHT,Manchester Boston Regional,42.9328055555556,-71.43575
NM83,Industrial Airpark,32.7667811111111,-103.208821388889
LTCM,Sinop,42.0158004761,35.0663986206
53VA,Horse Feathers,38.6340097222222,-77.7574925
ESMU,Mockeln,56.5707015991,14.1665000916
MNJU,Juigalpa,12.1000003815,-85.3666687012
TA58,Rancho Encantado,28.3199722222222,-99.4658722222222
SUAG,Artigas International,-30.4006996155,-56.507900238
95NE,Lightner Ranch,42.6697694444444,-98.2241111111111
34KY,Lone Pine Aerodrome,36.9113527777778,-86.78555
UAII,Shymkent,42.364200592,69.4788970947
KC04,Oceana County,43.6416333333333,-86.3290661111111
SSAK,Aeroclube,-28.6577777863,-53.6105575562
KJMS,Jamestown Regional,46.9297222222222,-98.6781944444444
4OR3,Lambert Field,44.7303988888889,-123.075927777778
LFPD,Bernay St Martin,49.1027984619,0.5666670203
UUML,Severka Airfield,55.206,38.677
TVSV,E. T. Joshua,13.1443004608,-61.210899353
KCPC,Columbus County Municipal,34.2728705555556,-78.7149872222222
FATT,Tutuka Power Station,-26.776599884,29.3388004303
SSRC,Fazenda Santa Ines,-21.7030563354,-54.3683319092
DAOC,Ouakda,31.6424999237,-2.1838901043
TA54,Mccrea,31.8146972222222,-100.911813888889
KANG,Angaur Airstrip,6.9,134.15
0VA0,Rambo Airfield,38.5248555555556,-77.6873555555556
SBAE,Bauru-Arealva,-22.157833,-49.068333
EDBM,Magdeburg,52.0736122131,11.6263885498
FL08,Florida Sheriffs Boys Ranch,30.4154969444444,-83.0165230555556
KCOU,Columbia Regional,38.8177355555556,-92.2177922222222
SVSG,San Antonio De Barinas,8.5666666031,-70.0500030518
SWAZ,Santo Atanazio,0.3997220099,-69.3005523682
55ID,Spear Valley,48.3810555555556,-116.484972222222
SVCS,Oscar Machado Zuluaga,10.286110878,-66.8161087036
HSMR,Merowe,18.4500007629,31.8330001831
UUDD,Domodedovo International,55.4087982178,37.9062995911
FZOS,Kasese,-1.6330000162,27.0499992371
KGGE,Georgetown County,33.3114166666667,-79.3203055555555
FAOD,Odendaalsrus,-27.8710002899,26.6933994293
KW19,Verona,42.9894666666667,-89.5094777777778
CLJ3,Lethbridge / J3 Airfield,49.7416214711,-112.738330364
LKCB,Cheb,50.0661010742,12.4117002487
ZPJH,Xishuangbanna Gasa,21.9738998413,100.7600021362
37WI,Docken Field,42.9911083333333,-89.7534561111111
PASW,Skwentna,61.9661125,-151.195390277778
KMAC,Macon Downtown,32.8217644444444,-83.5619349444444
NJ25,Hollingshead,39.7896833333333,-75.2283472222222
7NC9,Spencer Field,35.7273586111111,-79.9111486111111
7AK2,Snettisham,58.1343958333333,-133.729513055556
VYMN,Manaung,18.8458003998,93.6889038086
KD59,Gowanda,42.5039497222222,-78.95059
OP32,Khairpur,28.0361003876,69.6748962402
KPIH,Pocatello Regional,42.9097925,-112.595918888889
MYEN,Normans Cay,24.5942993164,-76.8201980591
KEOP,Pike County,39.1669722222222,-82.9283333333333
SSBN,Belem Novo,-30.1877784729,-51.1827774048
7TS2,Alison Air Park,29.8313325,-97.8891705555556
YHEW,Hedlow,-23.2231006622,150.604995728
EBMB,Melsbroek Air Base,50.901389,4.4844444444
CKZ3,Elk Island,54.6713981628,-94.1453018188
8AZ5,Lizzy Lizard,31.8979444444444,-109.056916666667
KM38,Hazel Green,34.9161319444444,-86.6470458333333
CJB6,Gods Lake,54.7792015076,-93.7169036865
LFDP,St Pierre D'oleron,45.9592018127,-1.3161100149
FNMO,Namibe,-15.2611999512,12.1468000412
YBCK,Blackall,-24.4277992249,145.429000854
6LL4,Wildy Field,38.2675491666667,-89.89177
ZSGZ,Ganzhou,25.825799942,114.912002563
TAPA,V.C. Bird International,17.1367,-61.792702
KLMO,Vance Brand,40.1643888888889,-105.163638888889
FOOE,Mekambo,1.0169999599,13.9329996109
LA67,Angola Airstrip,30.9515677777778,-91.5848391666667
67SC,Lanes Landing,32.9486111111111,-80.7675
YMBX,Mundrabilla,-31.8672008514,127.8539962769
SWVI,Fazenda Pirassununga,-11.5177783966,-48.3111114502
54MI,Pingston Aeroworks,42.8102777777778,-84.0830555555555
YGIB,Gibb River,-16.4232997894,126.4449996948
LFNO,Florac Ste Enimie,44.2863998413,3.4666700363
CNS6,Straffordville,42.7383003235,-80.8167037964
SPOY,Atico,-16.2322216034,-73.611946106
NVSN,Naone,-15.0,168.0829925537
SPHY,Andahuaylas,-13.7063999176,-73.350402832
SDGU,Usina Bonfim,-21.4044437408,-48.3033332825
K78I,Pam's Place,39.5016472222222,-86.6885018055556
SPBL,Huallaga,-7.0605602264,-76.5821990967
6FL3,Payson Ranch,26.9372811111111,-81.5670222222222
SWSY,Sao Simao,-15.9086112976,-60.1547203064
KTAN,Taunton Municipal - King Field,41.8744673888889,-71.0163165
KRCE,Clarence E Page Municipal,35.4880833333333,-97.8235555555556
SWOO,Fazenda Tres Marias do Agua Limpa,-15.0713891983,-51.3927764893
37AZ,Sarita,32.9356177777778,-111.484566666667
EDGB,Breitscheid,50.6763877869,8.1694440842
VG07,Rular,38.5388888888889,-77.8283333333333
KARR,Aurora Municipal,41.7719166666667,-88.4756666666667
FAHU,H M S Bastard Memorial,-30.5424995422,29.4990005493
SWMJ,Pousada Xaraes,-19.4958324432,-56.9599990845
EDAX,Rechlin-Larz,53.306388855,12.7522220612
46AK,Bear Cove Farm,59.7382888888889,-151.029894166667
OPJA,Shahbaz Air Base,28.2842006683,68.4496994019
KLZD,Danielson,41.81975,-71.9009722222222
KGCM,Claremore Regional,36.2927222222222,-95.4796111111111
KD57,Glen Ullin Regional,46.8143055555555,-101.865194444444
2NE0,Johnson Lake,40.6966730555556,-99.8342858333333
K10G,Holmes County,40.53670125,-81.9559411666667
MMCA,Cananea,31.0661501549,-110.097877979
FAWI,Witbank,-25.8323001862,29.1919994354
2WY8,Bar Flying E,44.40625,-109.279444444444
15UT,Field Of Dreams,40.9721416666667,-111.704436111111
VG64,Lee Field,37.5615,-76.8525277777778
FD14,Paniola Air Ranch,29.3752505555556,-82.0581463888889
SDKK,Mococa,-21.4878005981,-47.0344009399
LFGH,Cosne Sur Loire,47.3605995178,2.9194400311
YBEC,Beacon,-30.4832992554,117.8830032349
VYLY,Lanywa,20.9403991699,94.8226013184
SIZI,Fazenda Vitoria,-18.7527999878,-51.4730987549
KMRC,Maury County Regional,35.5543386111111,-87.17914
SLIX,Ixiamas,-13.7600002289,-68.1368331909
K66S,Cavanaugh Bay,48.5186666666667,-116.822194444444
KS04,Condon Usfs,47.5388258333333,-113.720368333333
YLOK,Lock,-33.5442008972,135.6929931641
ENZV,Stavanger  Sola,58.876701355,5.6377801895
LFMS,Alès Cevennes,44.0696983337,4.1421198845
0PN6,Memmi,40.1689705555556,-77.9925013888889
KH76,Pawhuska Municipal,36.6717261111111,-96.4055691666667
0TN2,Village,35.6559122222222,-84.1854697222222
0AK9,Falcon Lake Strip,61.33255,-150.059052777778
SIKC,Colider,-10.764166832,-55.4611091614
KJST,John Murtha Johnstown/Cambria County,40.3155555555556,-78.8346666666667
LKOT,Otrokovice Zlin,49.198299408,17.5177993774
KPRG,Edgar County,39.6996666666667,-87.6707777777778
OASN,Sheghnan,37.5670013428,71.5
14VA,Krens Farm,39.2289911111111,-77.7466597222222
LZIB,M. R. Stefanik,48.1702003479,17.2126998901
ID09,S Bar Ranch,43.26,-115.248611111111
23CO,High Mesa,38.8438611111111,-103.989944444444
KBRG,Belen Regional,34.6458616388889,-106.836340083333
YBRK,Rockhampton,-23.3819007874,150.475006104
SWWM,Fazenda Pupila,-18.771944046,-40.9494438171
RPVV,Francisco B. Reyes,12.1215000153,120.099998474
RODE,Ie Shima Auxiliary Air Base,26.7257575989,127.7649002075
K70J,Cairo-Grady County,30.8879722222222,-84.1547222222222
OOSQ,Saiq,23.0669994354,57.6500015259
HAGO,Gode,5.9351301193,43.5786018372
NVSS,Santo Pekoa International,-15.5050001144,167.220001221
KFTW,Fort Worth Meacham International,32.8197702777778,-97.36245
NWWX,Canala,-21.5202007294,165.9720001221
KMUT,Muscatine Municipal,41.3678888888889,-91.1482222222222
K4M8,Clarendon Municipal,34.6466688888889,-91.3947205555556
MHHO,Agua Caliente,15.427778244,-86.8949966431
SJFW,Fazenda W. Egidio III,-15.9380559921,-46.4775009155
NVSO,Lonorore,-15.8655996323,168.1719970703
K64S,Prospect State,42.7425833333333,-122.488972222222
SCIE,Carriel Sur,-36.7727012634,-73.0631027222
SSYV,Fazenda Progresso,-19.7263889313,-52.8513908386
MD42,Keymar Airpark,39.6195438888889,-77.2274833333333
FEFI,Birao,10.2363996506,22.7168998718
SSNH,Novo Hamburgo,-29.696100235,-51.0816993713
SNUK,Fazenda Lago Vermelho,-17.0352783203,-45.4863891602
K68D,Reds Horse Ranch Usfs,45.3445597222222,-117.626483333333
CD13,Morris,39.8350666666667,-103.735597222222
OL28,Cedar & Sky Fly In Ranch,35.5838777777778,-98.3041013888889
LIRG,Guidonia,41.9902992249,12.7407999039
EIHN,Hacketstown Aerodrome,52.8549995422,-6.5472202301
LEBZ,Badajoz,38.8913002014,-6.8213300705
SLBR,Buen Retiro Itenez,-13.4166669846,-63.4833335876
60OI,Zorn Acres,41.3567175,-82.6248997222222
KPSO,Stevens Field,37.2862486111111,-107.056008888889
8ND5,Ausk Strip,46.7638633333333,-97.4053708333333
KPOF,Poplar Bluff Regional Business,36.7739352777778,-90.3248527777778
SSEY,Estancia Itapororo,-29.433889389,-56.3005561829
SWQR,Estancia Norteagro,2.6758329868,-60.7786102295
SEII,General Villamil,-0.942628026,-90.9530029297
MDBL,Boca Chica,18.450799942,-69.5925979614
8WI2,Runway Leasing Inc Nr 1,44.2248055555556,-89.5318083333333
K9N3,Seamans Field,41.5893547222222,-75.7560805555556
EDQM,Hof-Plauen,50.2886123657,11.8563890457
SLSN,Sanandita,-21.6499996185,-63.5999984741
NC81,Cox,35.7518177777778,-78.8597294444444
SGEN,Encarnacion,-27.2999992371,-55.9099998474
KU84,Donald D Coski Memorial,44.7290597222222,-116.092627777778
11LS,Jasmine Hill,30.9760222222222,-92.5690277777778
LFLM,Macon-Charnay,46.2951011658,4.7957701683
LFXH,Le Valdahon Air Base,47.1666984558,6.3499999046
SNQZ,Fazenda Bagagem,-22.8427772522,-55.5705566406
3ND5,Gage Flying Farmer,47.0610911111111,-97.7712133333333
GMFO,Angads,34.7872009277,-1.9239900112
SAAK,Isla Martin Garcia,-34.1821,-58.2469
KLMT,Crater Lake/Klamath Regional,42.1561438888889,-121.733204722222
SIQA,Senador Antonio Farias,-6.4074997902,-35.0447235107
KBJI,Bemidji Regional,47.5107222222222,-94.9347222222222
KGAX,Williams Auxiliary Airfield 6,32.88525,-112.816305555556
KMYK,May Creek,61.3361611111111,-142.685886111111
HSDZ,Damazin,11.785900116,34.3367004395
LILH,Voghera-Rivanazzano,44.9519996643,9.0165300369
ULWW,Vologda,59.2825012207,39.9444007874
SDET,Tiete,-23.1047210693,-47.724445343
CD02,Skyote,40.7580269444444,-106.971996111111
KEFW,Jefferson Municipal,42.0098333333333,-94.3418055555556
KLYO,Lyons-Rice County Municipal,38.3402511111111,-98.2285625
KPMD,Palmdale Usaf Plant 42,34.6293888888889,-118.084552777778
VILH,Leh Kushok Bakula Rimpochee,34.1358985901,77.5465011597
CYXR,Earlton (Timiskaming Regional),47.6974006546,-79.8473453522
SVOZ,San Pablo Paeno,7.7833328247,-68.5
WS16,Scherrico Meadows,44.8471891666667,-89.8015138888889
CYKA,Kamloops,50.7022018433,-120.4440002441
LOGL,Turnau,47.5567016602,15.3249998093
EFTU,Turku,60.5140991211,22.2628002167
6OK3,Johnson Field,36.3589472222222,-98.1438722222222
7ND5,Buchmiller,47.3597188888889,-99.6226161111111
SAEM,Miramar,-38.2271,-57.8697
VVCR,Cam Ranh,11.9982004166,109.21900177
OG54,Shaniko Cattle,44.9600972222222,-120.884658333333
VA93,Ayers,38.9051108333333,-78.6547375
LOGG,Punitz-Gussing,47.1465301514,16.3168430328
SNIX,Fazenda Masutti,-13.553333,-59.100278
1CD1,Reed International,40.6902777777778,-104.866666666667
MUBY,Carlos Manuel de Cespedes,20.3964004517,-76.6213989258
DIDK,Dimbokro,6.6516699791,-4.6405601501
KONO,Ontario Municipal,44.0193611111111,-117.013027777778
FLCP,Chipata,-13.5583000183,32.5872001648
RJTY,Yokota Air Base,35.748500824,139.3480072021
OOLK,Lekhwair,22.8049846844,55.3733682632
KUTS,Huntsville Municipal,30.7468888888889,-95.5871666666667
ZGMX,Meixian,24.3500003815,116.1330032349
SBUR,Mario de Almeida Franco,-19.7647228241,-47.9661102295
K2N4,Owasco Airfield,42.7365277777778,-76.48625
YPNI,Prenti Downs,-26.5167007446,122.8000030518
K8B2,Twin Mountain,44.2640640833333,-71.5467486944444
YPFT,Cooma/Polo Flat (Unlic),-36.2299995422,149.1499938965
FQMR,Marrupa,-13.2250995636,37.5521011353
CJB3,Steinbach,49.5494003296,-96.679397583
6ID1,Regan Ranch,47.6432416666667,-116.700544444444
LEGR,Federico Garcia Lorca,37.1887016296,-3.7773599625
7GA2,Mcclellan,30.7788888888889,-83.2019444444445
SJLV,Morro,4.3572201729,-59.9700012207
AGGT,Santa Ana,-10.847994,162.454108
YBHM,Hamilton Island,-20.3581008911,148.95199585
PS02,Heberlig,40.1642544444444,-77.3705402777778
FMME,Antsirabe,-19.8392214824,47.0637130737
ORAT,Al Taqaddum Air Base,33.3381004333,43.5970993042
FZVO,Beni-Dibele,-4.0830001831,22.8330001831
80KS,Diamond H,37.2556513888889,-95.2315222222222
UKLR,Rivne International,50.6071014404,26.1415996552
EDSW,Altdorf-Wallburg,48.2700004578,7.8419442177
IS00,Jay Schertz Farm,40.8417022222222,-89.2745294444444
ZWBL,Alashankou Bole (Bortala) airport,44.895,82.3
SDTI,Tupi Paulista,-21.3930568695,-51.5988883972
SSJL,Fazenda Jamaica,-19.3477783203,-53.7700004578
EDHK,Kiel-Holtenau,54.3794441223,10.145277977
USPT,Berezniki,59.5795478821,56.8576812744
TN02,Telford Overlook Ferguson Field,36.2087333333333,-82.5395666666667
SWIG,Fazenda Sao Jose,-15.0108327866,-59.2522201538
NSFI,Fagali'i,-13.8486995697,-171.740005493
97AK,High Ridge Association,61.664,-149.2536
YANK,Anna Creek,-28.8966999054,136.1699981689
SSDT,Fazenda Pau D`Arco,-7.943611145,-50.1763877869
NZKC,Kelly Field,-37.2560997009,175.0720062256
RPVP,Puerto Princesa,9.7421197891,118.7590026855
CNE9,Essex,42.0957984924,-82.8794021606
SIUC,Selva de Pedra,-7.2263889313,-56.6708335876
KS17,Twin Lakes,33.6456913888889,-81.8670563888889
YPNG,Penong,-31.9167003632,133.0
KCQX,Chatham Municipal,41.6883041666667,-69.9896519444444
VE24,Sookerating,27.5529003143,95.570602417
KCZN,Chisana,62.07175,-142.04935
53XS,Kornegay Private,26.1502777777778,-97.5933333333333
LFJC,Clamecy,47.4383010864,3.5086100101
TT12,Pastrana Ranch,32.2724611111111,-97.6933888888889
ZMBS,Bulgan Sum,46.1006011963,91.584197998
EGNH,Blackpool International,53.7717018127,-3.0286099911
KHIF,Hill Afb,41.12394,-111.973056388889
FD77,Wimauma Air Park,27.7119752777778,-82.2828686111111
1NC2,Atwell,35.6547222222222,-80.7894444444444
YCTC,Cotten Creek,-22.7999992371,122.5830001831
TX91,Madeira Airpark,32.9076238888889,-96.5969369444444
NK54,Matejka Field,42.1767411111111,-76.6410588888889
0NY1,Russell Field,43.1392411111111,-73.6531727777778
EDBP,Pinnow,53.6152763367,11.5611114502
SVBW,Hato El Burro,7.1316671371,-63.4566688538
AGGR,Rennell/Tingoa,-11.5339002609,160.06300354
SLEK,El Condor,-21.7008342743,-63.4568328857
WIMS,Dr Ferdinand Lumban Tobing,1.555940032,98.8889007568
OL30,Flying S Ranch,35.0019907222222,-97.061613
SJAW,Fazenda Citricola,-21.7252788544,-48.4519424438
SNOO,Fazenda Quatrilho,-13.35778,-55.61611
VTUW,Nakhon Phanom,17.3838005066,104.6429977417
AYML,Mougulu,-6.280859,142.420775
SVSP,Sub Teniente Nestor Arias,10.2786998749,-68.7552032471
K2T2,Percival Springs,39.0144444444444,-88.5392777777778
9MN3,Barnesville Municipal,46.6652377777778,-96.4411794444444
SJVR,Fazenda Sao Joaquim,-21.4919433594,-56.4872207642
KW04,Ocean Shores Municipal,46.9992199722222,-124.1423825
KD25,Manitowish Waters,46.1202270555556,-89.8821999722222
FAPE,Port Elizabeth,-33.9849014282,25.6173000336
6MS2,Wells Farm,31.9838611111111,-90.3353611111111
UKFG,Gvardeyskoe Air Base,45.1150016785,33.9770011902
2TX8,Eagle's Landing,33.3081713888889,-97.3797436111111
YCRA,Carinda,-30.4582996368,147.7079925537
EDTY,Adolf Wurth,49.1183319092,9.7838888168
SJNU,Fazenda Campo Alto,-13.0372219086,-51.7138900757
OI57,Mc Kinney Field,38.9270119444444,-83.9885419444444
EG10,Breighton Airfield,53.8023996399,-0.9159636498
OYSF,As Salif,15.3000001907,42.6829986572
1IN6,Cottingham,40.4016666666667,-87.2202777777778
SCNM,Las Misiones,-37.7761116028,-73.3836135864
FWKA,Karonga,-9.9535703659,33.8930015564
SSCU,Fazenda Santa Marina,-8.8680562973,-50.4794425964
0XS8,Dunbar Ranch,29.0760755555556,-100.3753525
SSIU,Sitio Enel,-30.1336116791,-52.3652763367
MHLN,Limon,15.8633327484,-85.4986114502
LFTZ,La Mole,43.2053985596,6.4819998741
OR00,Flying K Ranch,45.4345277777778,-122.88
CO92,Trinchera Ranch Airstrip,37.4643404722222,-105.406516416667
01OL,Spring Creek Ranch East,34.3725697777778,-96.7160371944445
K3D1,Crivitz Municipal,45.2146408611111,-88.0732981666667
CHG2,Harbour Grace,47.6856002808,-53.2538986206
LIDR,Ravenna,44.3642997742,12.2249002457
MRLZ,La Zopilota,10.4835996628,-85.4619979858
CNX8,Nixon,42.8474998474,-80.3953018188
YNOC,Nockatunga,-27.7166996002,142.7120056152
CKK3,Scobey Border Station,48.9994659424,-105.3993377686
FAHJ,Harding,-30.5666999817,29.8833007813
K27C,Mecosta Morton,43.6300463055556,-85.2614893611111
K13Q,Jewett Mesa,34.0043055555556,-108.679777777778
2NC7,Scotland Neck East,36.1679333333333,-77.3988583333333
K89D,Kelleys Island Land Field,41.6031819444444,-82.6850541666667
YWWG,Warrawagine,-20.8464596515,120.705327988
VYSO,Sedoktayar,20.4500007629,94.233001709
HKNW,Nairobi Wilson,-1.3217200041,36.8148002625
OPOK,Okara Cantonment Airstrip,30.7409992218,73.3576965332
SA11,Campo Arenal,-27.0722999573,-66.5860977173
WMPR,LTS Pulau Redang,5.7652797699,103.0070037842
HKLO,Lodwar,3.1219699383,35.6086997986
CA04,Flying N Ranch,40.3462641666667,-122.338892777778
VYDW,Dawei,14.1038999557,98.2035980225
VEKI,Kushinagar,26.772667,83.895333
LKHV,Horovice,49.8480987549,13.8935003281
EGTP,Perranporth Airfield,50.3316993713,-5.1774997711
KO46,Weed,41.4808055555556,-122.454527777778
K4Y8,Para Field,43.2022444444444,-82.7538888888889
ENRY,Moss  Rygge,59.3788986206,10.7855997086
YALC,Alcoota Station,-22.8332996368,134.4499969482
K2U0,Smith Prairie,43.4983611111111,-115.546972222222
CKX2,Warren / Woodlands,50.1594009399,-97.5911026001
5TS8,Bear Creek Ranch,29.8085527777778,-98.2725138888889
CJX4,Rosetown,51.5643997192,-107.9179992676
UMMB,Borovaya Airfield,53.5699996948,27.3899993896
SNYF,Fazenda Parnaiba,-8.5055561066,-46.1219444275
LFOG,Flers Saint Paul,48.7524986267,-0.5894439816
KADU,Audubon County,41.7015277777778,-94.9204444444445
DAUI,In Salah,27.2509994507,2.5120201111
6FD2,Big Oaks Ranch,28.6669408333333,-81.0845058333333
2PA8,Shulls,40.3000852777778,-77.2997063888889
9CL2,Christensen Ranch,36.87162,-121.337153888889
ULKS,Savvatiya Air Base,60.9949989319,46.8699989319
KS30,Lebanon State,44.5311388888889,-122.929722222222
SPBY,Bayovar,-5.8307499886,-81.0258026123
SBUL,Ten. Cel. Aviador Cesar Bombonato,-18.8836116791,-48.225276947
FBGZ,Ghanzi,-21.6924991608,21.6581001282
KNFG,Camp Pendleton Mcas (Munn Field),33.3012583333333,-117.355169444444
AYBA,Baimuru,-7.4968600273,144.819900513
EGLD,Denham Aerodrome,51.5882987976,-0.5130559802
SSQN,Mundo Novo,-11.7721996307,-40.4193992615
KMIC,Crystal,45.0624694444444,-93.3539652777778
SCEX,Rio Exploradores,-46.353611,-73.327778
CYGE,Golden,51.2991981506,-116.9820022583
8PN0,Lost Acres,39.9385722222222,-77.6159555555555
KFTK,Godman Army Air Field,37.9070652777778,-85.9720361111111
HLGN,Gamal Abdel Nasser,31.861000061,23.906999588
SMDO,Ladouanie,4.3761082835,-55.4070568085
K4R5,Major Gilbert Field,46.7886666666667,-90.7587222222222
K01J,Hilliard Airpark,30.6859666666667,-81.9063430555556
SVHL,Hacienda Carutal,9.7166671753,-66.7833328247
OIID,Doshan Tappeh Air Base,35.702999115,51.4751014709
EENI,Nurmsi,58.8650016785,25.7299995422
SPIL,Quince Air Base,-13.233300209,-70.7533035278
SBGM,Guajara-Mirim,-10.7863998413,-65.2847976685
KRYM,Ray S Miller Army Air Field,46.0899783333333,-94.3598638888889
CRB2,Cottam,42.1399993896,-82.6528015137
KDTN,Shreveport Downtown,32.5408216666667,-93.7438352777778
60OK,Lawles,35.5024138888889,-98.5092416666667
SWML,Monte Alegre de Goias,-13.2497215271,-46.8713874817
KCRZ,Corning Municipal,40.994125,-94.7550297222222
KGOP,Gatesville Municipal,31.4209388888889,-97.7964638888889
FWLP,Lifupa,-13.0500001907,33.1500015259
EDNL,Leutkirch-Unterzeil,47.8588905334,10.014166832
ZSOF,Hefei Xinqiao International,31.986667,116.975
USUK,Kurtamysh,54.9150009155,64.4670028687
OIBN,Borazjan,29.2666664124,51.2000007629
NZVL,Mandeville Aerodrome,-45.9902992249,168.81199646
SSVQ,Fazenda Serrito,-22.4102783203,-54.988609314
NA65,Anderson Strip,48.5313808333333,-97.6281419444444
VOTJ,Tanjore Air Force Base,10.7223997116,79.101600647
SNAL,Arapiraca,-9.7753601074,-36.6291999817
SKOC,Aguas Claras,8.31506,-73.3583
EGKB,London Biggin Hill,51.3307991028,0.0324999988
SELT,Cotopaxi International,-0.906832993,-78.6157989502
EDWH,Oldenburg-Hatten,53.0688896179,8.3136110306
FLEF,East Six,-11.1342000961,30.01720047
K4KS,Walz,37.0451638888889,-98.5701805555556
SJXH,Aguas Frias,-27.2169437408,-53.2724990845
2OK3,Rock Ridge,35.0980555555556,-97.7425
SNGO,Fazenda Nova,-19.0477771759,-48.5822219849
73TX,Sandy Creek,30.5695277777778,-95.4823611111111
57AK,Fly8Ma Pilot Lodge,61.5843319444445,-149.803772222222
ID29,Big Island,46.6974052777778,-115.983756111111
WAMC,Tentena,-2.0,120.7666702271
MI88,Bakers Field,42.7322494444444,-85.9053108333333
DAUG,Noumerat - Moufdi Zakaria,32.3841018677,3.7941100597
SWSK,Fazenda Sao Marco,3.0497200489,-60.4838981628
KJGG,Williamsburg-Jamestown,37.2391747222222,-76.7160961111111
WV67,Eastview,39.3947222222222,-78.6794444444444
K0U7,Hollow Top,43.32375,-113.5905
SWUR,Fazenda Vista Verde,-8.4916667938,-44.3894424438
MRRX,Roxana Farms,10.3081998825,-83.7543029785
OI21,Semnan New,35.3894004822,53.6713981628
SILW,Fazenda Mata Assombrada,-21.727222,-56.509167
NZOA,Omarama Glider,-44.4866981506,169.9859924316
05TS,Dew Drop,33.1292875,-97.3586305555555
K5Y4,Lost Creek,44.6600147222222,-84.2375119444444
BGAA,Aasiaat,68.7218017578,-52.7846984863
FNLZ,Luzamba,-9.1159601212,18.0492992401
NC22,Charles Field,35.2275333333333,-78.5551833333333
KT69,Alfred C 'Bubba' Thomas,28.0385668611111,-97.54250125
19WA,Key Way,45.7195608333333,-121.886190833333
K1B8,Chapin Field,43.0526944444444,-73.3631388888889
6WA5,Wilding Farm,48.5756141111111,-122.943616361111
LPIN,Espinho,40.9742012024,-8.6444396973
EDFZ,Mainz-Finthen,49.9674987793,8.1472215652
9AR1,Catlett Farms,34.9334722222222,-93.5172222222222
EGND,HUDDERSFIELD (Crosland Moor),53.6216666667,-1.8302777778
5KS3,Deweze,37.2794638888889,-98.0181163888889
42MO,Aire Parque,38.1231091666667,-90.3890105555556
VECO,Cooch Behar,26.330499649,89.4672012329
5OK9,Hsh Airstrip,35.7219444444444,-97.2047222222222
94TS,Hidden Springs Ranch,33.210075,-95.532725
SSUV,Uniao da Vitoria,-26.2334003448,-51.0677986145
00WI,Northern Lite,44.304285,-89.0501136111111
4TA8,Perry Ranch,30.616845,-101.017048333333
YECL,Eucla,-31.7000007629,128.8829956055
FL43,Burntwood Ranch,28.2738111111111,-81.9304472222222
ME19,Clayton Lake Strip,46.6161419444444,-69.5222780555556
FAKK,Kakamas,-28.7999992371,20.6329994202
KDPA,Dupage,41.9070530555556,-88.247995
CBK7,Mile 422 (Alaska Highway),58.8493995667,-125.2399978638
CGL4,Eaglesham (South),55.6711006165,-117.9359970093
67WA,Greenbluff Meadows,47.8265,-117.266891666667
UAFA,Tamga,42.1530990601,77.5639038086
SC58,Ja Field,34.7443055555556,-80.3888888888889
K7M1,Mc Gehee Municipal,33.6202211111111,-91.3648405555555
NY51,Russell,42.8700736111111,-74.4993044444444
LBKL,Kalvacha,42.5862503052,25.4262504578
KNPA,Pensacola Nas (Forrest Sherman Field),30.3532727777778,-87.3179711388889
NC71,E T Field,34.9179416666667,-79.0525311111111
CYQA,Muskoka,44.9747009277,-79.3032989502
FAVE,Ventersdorp,-26.3008995056,26.8141994476
KK16,Becks Grove,43.2508472222222,-75.6043611111111
KGTB,Wheeler-Sack Army Air Field,44.0556111111111,-75.7198944444444
30MI,Wolverton's Field,41.8592127777778,-86.3277911111111
KI86,Perry County,39.6915966666667,-82.1977858333333
5KS1,Threshing Bee,39.1938333333333,-95.2163333333333
23LA,Warner-Thunder Hill,30.6308194444444,-90.0801916666667
LPPM,Portimao,37.1492996216,-8.5839595795
71XS,Comanche Hills Ranch,31.1668555555556,-98.2458388888889
42AK,Willow Conocophillips,70.1108888888889,-152.12975
VEAN,Along,28.1753005981,94.8020019531
2OA6,Hilltop,40.0864833333333,-81.5881777777778
MT54,Weaver,48.2438505555556,-114.244294722222
KCDC,Cedar City Regional,37.70097,-113.098850833333
LFES,Guiscriff Scaer,48.0525016785,-3.6647200584
KOWD,Norwood Memorial,42.1905277777778,-71.1729444444445
2MT9,Gold Creek,46.5231388888889,-112.989833333333
SWCQ,Costa Marques,-12.4210996628,-64.2516021729
4TN0,Melton Field,36.1519444444444,-83.7327777777778
EGPT,Perth/Scone,56.439201355,-3.3722200394
FARM,Richmond,-31.423500061,23.9782009125
K6V5,Bison Municipal,45.5183333333333,-102.467833333333
ESQO,Arboga,59.3866004944,15.9240999222
KRVF,Ruby Valley Field,45.5354166666667,-112.302277777778
KAK0,Jakes Bar,61.2188722222222,-142.891211111111
K8W2,New Market,38.6559847222222,-78.7084958333333
KCUB,Jim Hamilton L B Owens,33.9704722222222,-80.99525
1OK0,Neversweat,35.8945275,-96.2794483333333
K61S,Cottage Grove State,43.8040705277778,-123.032116166667
WA42,Stacey's,47.9720341666667,-122.772109444444
ZLSN,Xiguan,34.376701355,109.1200027466
FZBJ,Mushie,-3.0,16.9330005646
NC75,Schneider Haven Airstrip,35.8983333333333,-80.7202777777778
78LA,Naquin Field,29.7351784166667,-90.7007013888889
7KS3,Youvan,37.5292136111111,-94.6960725
KEAU,Chippewa Valley Regional,44.8658055555556,-91.48425
K1O4,Thomas Municipal,35.7336666666667,-98.7305277777778
SDFC,Fazenda Constancia,-20.4885997772,-49.1880989075
MTCA,Les Cayes,18.2710990906,-73.7882995605
SWLI,Fazenda Liberdade,-17.0080566406,-56.4661102295
4IS9,Weidner,39.0858611111111,-89.958875
EGHL,Lasham,51.1871986389,-1.0334999561
CYOO,Oshawa,43.9227981567,-78.8949966431
SCII,Puerto Ingeniero Ibanez,-46.2858314514,-71.9477767944
KDWA,Yolo County,38.5793888888889,-121.856944444444
MHRA,Rapaco II,14.0736112595,-86.9100036621
KDCY,Daviess County,38.7004183333333,-87.1313741666667
SWVU,Fazenda Ramalhete,-21.7332992554,-54.5766983032
KTRL,Terrell Municipal,32.7084944444444,-96.2670944444444
K1O2,Lampson Field,38.9906111111111,-122.900722222222
K1W3,Mexico Farms,39.606,-78.7604861111111
YCEE,Cleve,-33.7097015381,136.5050048828
KH47,Hyampom,40.6256111111111,-123.4685
HL59,Al Khadim,31.998500824,21.1917991638
WN55,Randle-Kiona Airpark,46.5114997222222,-122.006205277778
3XA0,Drennan,32.3138888888889,-97.2311111111111
K1C3,Argyle,43.2545277777778,-73.4701944444444
KDVK,Stuart Powell Field,37.5775751388889,-84.7694978333333
FZGN,Boende,-0.2169999927,20.8500003815
KMBY,Omar N Bradley,39.46317,-92.4258897222222
CBB7,Tipella,49.7430992126,-122.1630020142
CAA2,St. Andre-Avellin,45.7463888889,-75.0758333333
YPMP,Pormpuraaw,-14.8966999054,141.6089935303
FAKF,Koffee Bay,-31.9638996124,29.14909935
CJX5,Souris Glenwood Industrial Air Park,49.6333007813,-100.1999969482
57TE,Prade Ranch,29.9388255555556,-99.7833958333333
2ID2,Linda's Roost,43.9543555555556,-113.647244444444
CT85,Roberts Farm,41.88982,-72.6150897222222
8IN2,Robinson Field,39.6233333333333,-86.0313888888889
FQVL,Vilankulo,-22.0184001923,35.3133010864
62KS,Dexter Field,38.3586319444444,-96.4909875
SJTU,Fazenda Tucano,-13.582777977,-57.5594444275
RPVB,Bacolod-Silay City International,10.7763996124,123.0149993896
KA67,Harlequin Lake,59.4143958333333,-139.033720833333
2NE3,Rusty Crankshaft,40.6063305555556,-96.6213138888889
42XS,Triple B Ranch,27.9588194444444,-98.4037638888889
XS27,Farm Air Service,30.0377141666667,-94.3960227777778
YKOG,Koongarra,-36.0,142.2169952393
KNBC,Beaufort Mcas (Merritt Field),32.48056675,-80.7192441388889
LFKP,La Tour Du Pin,45.5600013733,5.3847198486
63NY,Shear,43.2593055555556,-78.9656111111111
VTUD,Udon Thani,17.3864002228,102.788002014
LEMH,Menorca,39.8625984192,4.2186498642
KTOR,Torrington Municipal,42.0644213888889,-104.152679444444
YWEC,Wellclose,-25.8500003815,145.1000061035
SWWJ,Posto de Protecao Ambiental Nossa Senhora do Carmo,-16.6808338165,-56.2991676331
MMSL,Cabo San Lucas International,22.9477005005,-109.93699646
49NK,Trump Mtn,42.7933055555556,-78.2921666666667
0ND6,Schumacher Strip,46.0549855555556,-99.9170583333333
SIFE,Fazenda Dinora,-23.4163894653,-50.6008338928
EFPU,Pudasjarvi,65.4021987915,26.9468994141
MREO,El Ceibo,10.5333328247,-83.8499984741
HTDA,Mwalimu Julius K. Nyerere International,-6.8781099319,39.2025985718
07IN,Gray,39.5736588888889,-85.9138705555556
FVFI,Filabusi,-20.533000946,29.2670001984
ND86,Peterson,48.5638888888889,-103.963055555556
SDEM,Estancia Machado,-22.1011104584,-51.4516677856
SDDN,Andradina,-20.9249992371,-51.3819999695
YRSV,Rosevale Resort,-27.1333007813,145.8999938965
SPPN,Palmas del Espino,-8.2925901413,-76.4395980835
KE38,Alpine-Casparis Municipal,30.3842222222222,-103.683583333333
90PA,Adams,41.8792322222222,-78.1150075
DGLN,Navrongo,10.8999996185,-1.1000000238
SKMR,Los Garzones,8.82374,-75.8258
KGVT,Majors,33.0678333333333,-96.0653333333333
FXPG,Pelaneng,-29.1205997467,28.5053005219
YNUT,Nutwood Downs,-15.8166999817,134.1499938965
PA36,Stefanik,40.4528808333333,-75.2037852777778
8NC8,Lake Ridge Aero Park,36.060145,-78.7833386111111
NTGS,Marutea,-21.4821949005,-135.6370544434
SNVY,Fazenda Ouro Verde,-23.9769439697,-55.3652763367
SIDG,Fazenda Jatobasso,-22.4291667938,-55.5333328247
FXMF,Mafeteng,-29.8010997772,27.2436008453
VRMU,Kudahuvadhoo Dhaalu,2.666119,72.886303
NA12,Johnson,47.4316633333333,-100.841528055556
SWIL,Fazenda Taruma,-17.015832901,-54.3497238159
SCEK,Chepica,-34.7397232056,-71.32472229
SNPN,Fazenda Agua Fria,-21.0302772522,-50.9258346558
KF17,Center Municipal,31.8315833333333,-94.1564166666667
67MI,Pinelli,41.997875,-85.8534833333333
EFIV,Ivalo,68.6072998047,27.4053001404
CYGK,Kingston Norman Rogers,44.2252998352,-76.5969009399
7AL2,Peterson Field,33.8648208333333,-86.3108358333333
4TN5,Tommy's Field,36.1508333333333,-82.6325
SIWM,Fazenda Bandeirantes,-17.9913883209,-49.5352783203
LTBL,Cigli,38.5130004883,27.010099411
AK10,Ak-10 Airstrip,61.7172222222222,-150.109444444444
NC28,Meadstown Airstrip,36.2001580555556,-76.2357666666667
UKOI,Izmail International,45.3916664124,28.8016662598
K7I2,Reese,40.1552388888889,-85.3189458333333
KORE,Orange Municipal,42.5699975,-72.2884977777778
CPQ4,Lefroy,44.2919095924,-79.5472812653
YPDO,Pardoo,-20.1175003052,119.5899963379
SWSM,Fazenda Santa Maria,-15.35833,-57.69444
WN23,Grand View International,48.1017588888889,-123.179623055556
SDCD,Catanduva,-21.1492004395,-48.9887008667
K48K,Ness City Municipal,38.4737569444444,-99.9091188888889
KHLX,Twin County,36.7661108333333,-80.82356
UWLS,Soldatskaya Tashla Airfield,54.0152837323,48.3060264587
K39Z,Flying-A-Ranch,43.1051138888889,-86.1212694444444
KLRG,Lincoln Regional,45.3618497222222,-68.5344583333333
YWBR,Warburton,-26.1282997131,126.5830001831
URSS,Sochi International,43.4499015808,39.9566001892
ZGOW,Shantou Waisha,23.4269008636,116.7620010376
SVJM,San Juan de Los Morros,9.906952858,-67.3796386719
BIMN,Melanes,65.516998291,-22.3999996185
CJF3,Ile-a-la-Crosse,55.4897003174,-107.9300003052
SICJ,Gaivota Aviacao Agricola,-13.4600000381,-58.7750015259
SDXQ,Fazenda Flamboyant,-20.9069442749,-51.5755577087
SCSB,Franco Bianco,-52.7366981506,-69.3336029053
MNSI,Siuna,13.7272224426,-84.7777786255
UWKG,Borisoglebskoye,55.8666992188,49.1333007813
ESUJ,Talje,62.5652999878,15.8346996307
PFWS,South Naknek Nr 2,58.7020833333333,-157.002583333333
WA10,Page,46.0165244444444,-118.370521111111
FSDR,Desroches,-5.6967,53.6558
SVAP,Apurito,7.9188499451,-68.483001709
MO37,Ridgeview Ranch,38.7230666666667,-94.3818944444444
DNJO,Yakubu Gowon,9.6398296356,8.8690500259
KU79,Chamberlain Usfs,45.3790783333333,-115.196779722222
MA89,B&B Farm,42.3461111111111,-72.1038888888889
LFSM,Montbeliard-Courcelles,47.4869995117,6.7905402184
CKF9,De Lesseps Lake,50.7174987793,-90.6836013794
FZRB,Moba,-7.0669999123,29.783000946
FVTD,Tinfields,-19.9500007629,31.4330005646
SLSM,San Ignacio de Moxos,-14.0,-65.6339035034
9GA1,Briar Patch,32.4488888888889,-81.3369444444444
MHSX,Sixatigni,15.1836109161,-84.369720459
KOMN,Ormond Beach Municipal,29.3011388888889,-81.1138055555555
LFEV,Gray St Adrien,47.4333000183,5.6227798462
56IL,Lee Creek,42.4621416666667,-88.8751013888889
ZYDD,Dandong,40.0247001648,124.286003113
XS58,Tri-County Air Service,30.0441038888889,-94.7057538888889
WICM,Cibeureum,-7.3466000557,108.246002197
KGHM,Centerville Municipal,35.8374166666667,-87.4453888888889
FATA,Tedderfield Air Park,-26.3519992828,27.9689998627
KFFM,Fergus Falls Municipal/Einar Mickelson Field,46.2843888888889,-96.1566944444445
KRZR,Cleveland Regional Jetport,35.2123363888889,-84.7991988888889
AYED,Edwaki,-3.883986,141.792234
EDFT,Lauterbach,50.6833343506,9.4108333588
SJCN,Aero Agricola Cristalina,-16.9069442749,-47.7083320618
YRSB,Roseberth,-25.8332996368,139.6499938965
IA58,B-8 Farms,42.1149891666667,-96.1719638888889
KRNO,Reno/Tahoe International,39.4991111111111,-119.768111111111
KRCR,Fulton County,41.0655475277778,-86.1817028888889
SJFV,Fazenda Gaia,-18.7600002289,-48.755279541
HAKL,Kelafo East,5.6570000648,44.3499984741
NH61,New Poverty Flats,42.967475,-71.1811719444444
RJFA,Ashiya,33.8830986023,130.6529998779
92PN,Bartsch,41.0682166666667,-80.2947333333333
0IL2,Griffin,38.8030555555556,-88.9977777777778
HLGT,Ghat,25.1455993652,10.1426000595
59FD,Big Cypress Airfield,26.3262083333333,-80.9879666666667
IL88,Earl Barnickel,41.6750313888889,-89.1167561111111
WS91,Sky Hollow,43.2086388888889,-90.66375
76CO,Hoy Airstrip,39.8358175,-104.422181666667
HL83,Nanur,31.7052001953,14.9116001129
75MN,Galler's,44.1866333333333,-93.7141166666667
YCWO,Chatsworth,-37.8333015442,142.7169952393
K6R3,Cleveland Municipal,30.3564444444444,-95.0080277777778
GOTK,Kedougou,12.5722999573,-12.2202997208
VTBN,Prachuap Khiri Khan,12.4172000885,99.8694000244
NVSM,Lamen Bay,-16.5841999054,168.158996582
72CL,Iron Mountain Pumping Plant,34.1341780555556,-115.119143888889
CFV3,Mobil Bistcho,59.4747326918,-119.006137848
KVCV,Southern California Logistics,34.5974722222222,-117.383
YERN,Ernabella,-26.263299942,132.1820068359
LGBL,Nea Anchialos,39.2196006775,22.7943000793
URKG,Gelendzhik,44.5820926295,38.0124807358
79ID,Clear Creek Int,46.0489222222222,-115.869861111111
YCGH,Clonagh,-20.1333007813,140.6829986572
NH38,Leavitt,43.9725711111111,-71.1697925
LTFH,Samsun Carsamba,41.2545013428,36.5671005249
7IL7,Edward Getzelman,42.1266911111111,-88.5334205555556
SJPA,EMAL - Pimenta Bueno,-11.6861114502,-60.6297225952
CDU6,Doaktown,46.5525016785,-66.0939025879
VOHS,Rajiv Gandhi International  Shamshabad,17.2313175201,78.4298553467
SSZR,Santa Rosa,-27.9067001343,-54.520401001
FZBU,Ipeke,-2.4830000401,18.25
LGIR,Heraklion International Nikos Kazantzakis,35.3396987915,25.1802997589
SJLN,Maloquinha,4.726940155,-60.5905990601
VAAU,Aurangabad,19.8626995087,75.3981018066
HAMT,Mizan Teferi,6.9571,35.5547
69TX,Green Lake Ranch,28.5895805555556,-96.8472833333333
WY23,Iberlin Strip,44.0733116666667,-106.265862777778
MP00,Cap Justiniano Montenegro,7.5568799973,-80.0233001709
YWWH,Wentworth,-22.1000003815,147.6999969482
LTCJ,Batman,37.9290008545,41.1166000366
MMTG,Angel Albino Corzo International,16.5636005402,-93.0224990845
TX94,Flying D Ranch,33.4526833333333,-97.2755793055556
YBOV,Border Village,-31.6394004822,129.0119934082
MSRC,El Ronco,14.3187150955,-89.5068969727
UWPP,Penza,53.1105995178,45.0210990906
02NV,Paiute Meadows,41.3005555555556,-118.928333333333
PAIM,Indian Mountain Lrrs,65.9927722222222,-153.703488888889
FAPG,Plettenberg Bay,-34.0903015137,23.3278007507
SN55,R J C Farms Inc,38.2173138888889,-101.002725
CBW2,Kitimat,54.163898468,-128.5809936523
LIDV,Prati Vecchi D'Aguscello,44.7902984619,11.6691999435
KAUW,Wausau Downtown,44.9262845277778,-89.62700175
23WN,Willie's,45.9110555555556,-91.6285
SWVE,Fazenda Vista Alegre,-9.788611412,-68.0072250366
LL09,Air Estates Inc,42.2805783333333,-88.0945238888889
KNQA,Millington/Memphis,35.3566391666667,-89.8704302777778
SSVJ,Fazenda Cedro,-21.8708324432,-55.7475013733
VG33,Bull Farm,37.1545861111111,-75.9568744444445
XA96,En Gedi Ranch,35.6625,-100.323888888889
SPAA,Caraz,-9.0514287949,-77.8101425171
KE55,Ocean Ridge,38.8017075,-123.530552222222
OADZ,Darwaz,38.461101532,70.8824996948
87NE,Knox Landing,40.8091772222222,-97.5878280555555
83OK,Sweetbriar,35.2567611111111,-94.5779972222222
SSCM,Fazenda Cacadinha,-21.6238899231,-54.8108329773
KBLU,Blue Canyon - Nyack,39.2749722222222,-120.70975
4TA3,"Costello Island, Inc",32.8987325,-98.4600536111111
LIME,Bergamo / Orio Al Serio,45.6739006042,9.7041702271
14ID,Peaceful Cove,43.6706527777778,-116.211230555556
3WI6,Melin Farms,42.5901388888889,-88.8745555555555
MY72,Isle,46.1596769444444,-93.4613475
4AK7,Aleknagik Mission Strip,59.2809233333333,-158.597200277778
SSIG,Fazenda Santa Maria,-20.2700004578,-55.7283325195
74KY,Terry Field,36.8986666666667,-88.8467238888889
MU03,Stockwell Field,39.7146,-93.1401652777778
YSLT,Sale,-38.1166992188,147.0749969482
FCBB,Maya-Maya,-4.2516999245,15.2530002594
K53A,Dr C P Savage Sr,32.3030633333333,-84.0074680555555
SNQL,Bom Jesus,-15.7349996567,-57.3463897705
MI58,Raymond Field,44.7433202222222,-83.7084095833333
50IL,Midland,42.4889055555556,-88.1742527777778
SKCI,Carimagua,4.56417,-71.3364
K3P3,Mott Municipal,46.3591619444444,-102.328244166667
MNAM,Altamira,12.1106004715,-85.7604980469
EGBW,Wellesbourne Mountford,52.192199707,-1.6144399643
8TE8,Tradewind Ag,29.1627522222222,-96.2252411111111
9NR8,Buie Field,34.7921638888889,-79.1978944444444
SSSA,Fazenda Sant`anna do Apa,-22.0266666412,-56.193611145
SCSV,Vinasutil,-34.448890686,-71.3858337402
44IN,Campbell Field,40.12375,-87.2104666666667
66TX,Loma De Cometa,28.6766166666667,-100.023938888889
YARY,Arrabury,-26.7000007629,141.0500030518
UEBN,Nizhneyansk,71.43699646,136.1900024414
OIAW,Ahwaz,31.3374004364,48.7620010376
9LL5,Tommy's Airpark,39.6511111111111,-89.4586111111111
SVNK,Hato Mikitole,8.4177780151,-63.567779541
K8N1,Grimes,40.4848141666667,-76.2635619444444
2TS5,Paducah,34.0233333333333,-100.343611111111
ULAP,Karpogory,64.0130004883,44.4550018311
PA01,Merrys Pymatuning,41.6750544444444,-80.4345119444445
NE46,Greeley Municipal,41.5574916666667,-98.5460611111111
K7MI,Flugplatz,43.3417430555556,-82.5482847222222
OICC,Shahid Ashrafi Esfahani,34.3459014893,47.1581001282
LFSX,Luxeuil-Saint-Sauveur (BA 116) Air Base,47.7831001282,6.3640599251
KD09,Bottineau Municipal,48.8304722222222,-100.417305555556
61IS,Jim & Peg,41.0547541666667,-88.3872791666667
04NE,Mc Connell Field,41.1599933333333,-101.2990525
LFTW,Nimes-Arles-Camargue,43.7574005127,4.4163498878
MUSA,San Antonio De Los Banos,22.8715000153,-82.5093002319
CYID,Digby / Annapolis Regional,44.5458450365,-65.7854247093
GO66,Dodji,15.5438995361,-14.9582996368
KE52,Oldham County,35.2307138888889,-102.398768055556
40TS,Dawson Private Strip,27.4448444444444,-97.9059416666667
LESG,Sanguesa,42.5656013489,-1.284719944
NGTA,Bonriki International,1.3816399574,173.1470031738
34IL,G Bray,40.3625419444444,-90.1084516666667
PAMB,Manokotak,58.9320555555556,-158.901888888889
8OI5,Clum,39.8817319444444,-82.4145980555556
KADM,Ardmore Municipal,34.3038734444444,-97.0205973888889
KCKB,North Central West Virginia,39.2976547222222,-80.2275319444445
SEPO,Posorja,-2.6820299625,-80.2755966187
SJDA,Fazenda Cruzeiro,-19.1922225952,-48.1172218323
CEJ6,Elk Point,53.8931007385,-110.7720031738
FD88,Aero Acres,27.3419869444444,-80.5219988888889
03OL,Bluebird,35.0123338888889,-97.702735
K27K,Georgetown-Scott County Regional,38.2344341666667,-84.4346836111111
MGQC,Santa Cruz del Quiche,15.0122003555,-91.1505966187
AYDE,Derim,-6.1447222222,147.107222222
KBML,Berlin Regional,44.5753611111111,-71.1759166666667
FZQU,Lubudi,-9.9329996109,26.0
PAKU,Ugnu-Kuparuk,70.3306666666667,-149.598055555556
BISA,Sanda,65.1343994141,-19.6630992889
SJNE,Wapum,1.9900000095,-59.9571990967
6IA7,R S  Auto,40.9903555555556,-91.7441722222222
HTOL,Oltipesi,-4.287732,36.616115
24NE,Orr,42.3838625,-102.438808333333
SISJ,Fazenda Sao Jose do Piquiri,-17.4541664124,-55.5591659546
KFZG,Fitzgerald Municipal,31.6839046111111,-83.2709036388889
ULAA,Talagi,64.6003036499,40.7167015076
SVPA,Cacique Aramare,5.619989872,-67.6061019897
NVVK,Lenakel,-19.5130004883,169.2599945068
TA26,Coyote Crossing,32.2963611111111,-97.0568055555556
KAFN,Jaffrey Airfield Silver Ranch,42.8051341666667,-72.0030219444444
8FD3,Blackwater Airfield,30.877685,-86.8544044444444
1VA0,Sabot,37.6293130555556,-77.7474936111111
K00N,Bucks,39.4730277777778,-75.1844166666667
KSMX,Santa Maria Pub/Capt G Allan Hancock Field,34.8999444444444,-120.458083333333
SJWW,Fazenda Cachoeira Preta,-20.0213890076,-53.2161102295
BGBW,Narsarsuaq,61.1604995728,-45.4259986877
HKKI,Kisumu,-0.086139001,34.7289009094
IA01,Ridge,41.3513816666667,-95.4663911111111
YATY,Atley,-28.2166996002,119.25
ZBTL,Tongliao,43.5567016602,122.1999969482
MHPS,Desvio Potrerillos,14.5958328247,-86.1500015259
YPIX,Pia,-27.1916999817,116.2919998169
LKMB,Mlada Boleslav,50.3983001709,14.8983001709
SWGV,Fazenda Cocal,-12.801943779,-52.6077766418
5NY4,Stanwix Heights,43.1575694444444,-75.4307288888889
SMTB,Rudi Kappel,3.7829999924,-56.1500015259
CED3,Oyen Municipal,51.3342018127,-110.4909973145
FLWW,Waka Waka,-12.4504003525,32.2569999695
LRBC,Bacau,46.521900177,26.9102993011
SSVL,Fazenda Santa Claudina,-22.5216674805,-54.6777763367
XS77,Seafood Warehouse Park,29.46551,-94.6274152777778
K2U7,Stanley,44.2085555555556,-114.934527777778
SJLS,Marupa,2.1252799034,-59.8213996887
2MN1,Winter Strip,45.0460697222222,-95.4644658333333
YKIU,Kaiuroo,-23.1166992188,149.3670043945
EPAR,Arłamów,49.6575012207,22.5142993927
KMNV,Monroe County,35.5452319444444,-84.3804002777778
EIKH,Kildare Aerodrome,53.0635986328,-6.8552799225
SA36,Saladillo,-35.6081,-59.8164
CO60,Horseshoe Landings,40.1083155555556,-104.431067222222
AZ05,Lakeside Airpark,33.1125,-112.661666666667
2OA1,Bristol Airstrip,41.4150555555556,-80.8842544444445
WN72,Kinch Farms,46.8667527777778,-118.321538888889
10IA,Flyers,42.4166555555556,-92.2501833333333
WA67,Green Mountain,45.6630652777778,-122.472634722222
KANP,Lee,38.9428777777778,-76.5683991666667
LUBM,Marculesti International,47.862701416,28.2127990723
NZWB,Woodbourne,-41.5182991028,173.8699951172
FVKW,Mkwasine,-20.7999992371,31.8169994354
ZLXN,Xining Caojiabu,36.5275001526,102.0429992676
76MN,Hemmingsen,47.5963511111111,-96.0217061111111
OPGD,Gwadar International,25.2332992554,62.329498291
LA51,Stuart Airstrip,32.0182172222222,-93.4307302777778
12IL,Hawker,41.2000316666667,-88.0167161111111
FMEP,Pierrefonds,-21.3208999634,55.4249992371
KJFZ,Tazewell County,37.0637463888889,-81.7982658333333
VYGG,Gangaw,22.1746997833,94.1343994141
K5A8,Aleknagik /New,59.2825555555556,-158.617866666667
EDTM,Mengen-Hohentengen,48.0538902283,9.3727779388
AA33,Gus Landing,61.60415,-149.770119444444
YMGI,Mungindi,-28.9666996002,149.0579986572
SNQP,Fazenda Sao Francisco,-20.5674991608,-50.2303009033
KZ40,Goose Bay,61.39465,-149.842269444444
SNDX,Cachoeira,-10.0399999619,-36.3263893127
LIPX,Verona / Villafranca,45.3956985474,10.8885002136
SPCL,Cap FAP David Abenzur Rengifo International,-8.3779401779,-74.5743026733
8IN7,Brush Creek,39.0452777777778,-85.5152777777778
YBSR,Blackstone,-25.986700058,128.2879943848
KVVS,Joseph A Hardy Connellsville,39.9590555555556,-79.6574166666667
EGDV,Hullavington Airfield,51.526732,-2.141555
FAMZ,Msauli,-26.0499992371,31.0170001984
FAHV,Gariep Dam,-30.5622005463,25.5282993317
YKAE,Kalannie,-30.3666992188,117.1330032349
FAWC,Worcester Glider,-33.6631011963,19.4153003693
K4O5,Cherokee Municipal,36.7883083333333,-98.3584305555555
KS19,Mc Cormick County,33.9080969444444,-82.26693
TE32,Rancho Blanco,27.3086344444444,-99.4814305555556
SIQE,Botelho,-15.9416666031,-47.7202796936
YIMA,Imanpa,-25.1333007813,132.5700073242
92IN,H R Weisser,41.4233808333333,-85.8474927777778
SLCL,Collpani,-18.8916664124,-66.7833328247
6FL4,Sylvanmir Farms,29.8210530555556,-83.5732002777778
VGIS,Ishurdi,24.1525001526,89.0494003296
K1L7,Escalante Municipal,37.7453611111111,-111.570166666667
NZUK,Pukaki,-44.2350006104,170.117996216
K6AK,Rainy Pass Lodge,62.0841419444444,-152.717524722222
YNSM,Norseman,-32.2099990845,121.7549972534
K0P1,Van Pak,39.8316944444444,-99.5684444444444
0ME4,Peasley Field,44.7424694444444,-68.4744027777778
VABB,Chhatrapati Shivaji International,19.0886993408,72.8678970337
PS47,Hamilton Hill,40.4278505555556,-78.7414094444444
UUYS,Usinsk,66.004699707,57.3671989441
WBKW,Tawau,4.3201599121,118.1279983521
PAFA,Fairbanks International,64.8153555555556,-147.856666666667
SPIY,Yauri,-14.8000001907,-71.4329986572
ND25,Prop Wash Field,48.06455,-102.909591666667
VCCA,Anuradhapura,8.30148983,80.4279022217
SLDN,El Desengano,-14.2735996246,-65.4400024414
GABG,Bougouni,11.4499998093,-7.5170001984
YGLG,Geelong,-38.2249984741,144.3329925537
YGTE,Groote Eylandt,-13.9750003815,136.460006714
KT45,Panhandle-Carson County,35.3616944444444,-101.365083333333
KFOT,Rohnerville,40.5539413888889,-124.132655555556
UHME,Zaliv Kresta,66.3583984375,-179.1076965332
SSUQ,Fazenda Santa Olinda,-20.7549991608,-55.0433311462
EBCI,Brussels South Charleroi,50.4592018127,4.4538202286
KTIK,Tinker Afb,35.41475,-97.3866388888889
37ID,Hungry Ridge Ranch,45.7824166666667,-115.938
27FA,Stanchester,27.8061995,-82.141365
3PA9,Moyer,40.2967725,-75.2479522222222
PA40,Benton,41.2000836111111,-76.3871638888889
SKGB,Marco Fidel Suarez Air Base,3.45899,-76.4966
MHAP,Apala,14.0108327866,-86.3891677856
FA02,Counter Terrorism Advanced Training Center,26.3098916666667,-81.2273
CJS7,Carman (South),49.4803009033,-98.0149993896
K2S7,Chiloquin State,42.5793184444444,-121.879014166667
MN69,Maple,45.0027405555556,-93.6719061111111
LENE,La Caminera,38.669739,-3.303389
VY02,New Magway,20.1536006927,94.9686965942
KIIB,James H Connell Field At Independence Municipal,42.4568888888889,-91.9476666666667
LIBR,Brindisi / Casale,40.6576004028,17.9470005035
WAMG,Jalaluddin,0.6371189952,122.8499984741
YDGN,Doongan,-15.3999996185,126.3000030518
SN52,Pilot Pointe Estates,37.4792013888889,-97.0126388888889
ZSFY,Fuyang Xiguan,32.882157,115.734364
MMGM,General Jose Maria Yanez International,27.9689998627,-110.9250030518
MUNG,Rafael Cabrera,21.8346996307,-82.7837982178
K8T6,Live Oak County,28.3628055555556,-98.1164722222222
SSRE,Realeza,-25.8012008667,-53.5126991272
VT56,West Burke Aerodrome,44.6131088888889,-71.9809288888889
2TX6,Everitt,33.6817508333333,-101.668498055556
SSZB,Fazenda Bela Vista,-18.2066669464,-56.8094444275
WMBH,Kroh,5.6830000877,100.983001709
SC57,Jordan Private,33.5405694444444,-79.534175
EDDG,Munster Osnabruck,52.134601593,7.6848301888
SCRF,Laguna San Rafael,-46.6388893127,-73.8499984741
KGCT,Guthrie County Regional,41.6869722222222,-94.4350555555556
YMDT,Mundrabilla Motel,-31.8267002106,128.2299957275
39MI,Huber,46.1688361111111,-88.1723575
FACK,Christiana,-27.8777008057,25.2017993927
YRED,Redcliffe,-27.2066993713,153.0679931641
0LS0,Theriot Field,29.7497222222222,-90.7358333333333
SSWZ,Fazenda Dona Nenem,-18.5094432831,-46.2738876343
K14J,Carl Folsom,31.4100416666667,-86.0903361111111
